time,condition,area_bin,frequency
day2,1,550,0.003197039
day2,1,650,0.007067138
day2,1,750,0.015143867
day2,1,850,0.022042739
day2,1,950,0.027090695
day2,1,1050,0.044253744
day2,1,1150,0.061585058
day2,1,1250,0.089517079
day2,1,1350,0.107521454
day2,1,1450,0.119468282
day2,1,1550,0.117953895
day2,1,1650,0.100790846
day2,1,1750,0.080430759
day2,1,1850,0.057546694
day2,1,1950,0.043917214
day2,1,2050,0.028268551
day2,1,2150,0.019013966
day2,1,2250,0.015480397
day2,1,2350,0.007740199
day2,1,2450,0.007235403
day2,1,2550,0.008581524
day2,1,2650,0.005047956
day2,1,2750,0.002187447
day2,1,2850,0.002523978
day2,1,2950,0.001850917
day2,1,3050,0.001177856
day2,1,3150,0.001177856
day2,1,3250,0.001009591
day2,1,3350,0.000673061
day2,1,3450,0.000504796
day2,2,550,0.00580341
day2,2,650,0.013178576
day2,2,750,0.025510821
day2,2,850,0.036754927
day2,2,950,0.050779833
day2,2,1050,0.060693991
day2,2,1150,0.080643211
day2,2,1250,0.10663765
day2,2,1350,0.110869302
day2,2,1450,0.107242171
day2,2,1550,0.0914037
day2,2,1650,0.075565228
day2,2,1750,0.063837505
day2,2,1850,0.043525571
day2,2,1950,0.035666788
day2,2,2050,0.019707411
day2,2,2150,0.018135655
day2,2,2250,0.011727723
day2,2,2350,0.010276871
day2,2,2450,0.008342401
day2,2,2550,0.005440696
day2,2,2650,0.003022609
day2,2,2750,0.004594366
day2,2,2850,0.002901705
day2,2,2950,0.001692661
day2,2,3050,0.002297183
day2,2,3150,0.001209044
day2,2,3250,0.000846331
day2,2,3350,0.001088139
day2,2,3450,0.000604522
day2,3,550,0.007889546
day2,3,650,0.011702827
day2,3,750,0.021301775
day2,3,850,0.030769231
day2,3,950,0.037343853
day2,3,1050,0.056278764
day2,3,1150,0.073372781
day2,3,1250,0.090992768
day2,3,1350,0.10834977
day2,3,1450,0.107429323
day2,3,1550,0.095726496
day2,3,1650,0.08731098
day2,3,1750,0.07113741
day2,3,1850,0.054043393
day2,3,1950,0.040762656
day2,3,2050,0.028533859
day2,3,2150,0.018540434
day2,3,2250,0.011965812
day2,3,2350,0.010519395
day2,3,2450,0.007363577
day2,3,2550,0.00644313
day2,3,2650,0.004076266
day2,3,2750,0.00539119
day2,3,2850,0.003155819
day2,3,2950,0.002629849
day2,3,3050,0.003287311
day2,3,3150,0.001709402
day2,3,3250,0.000788955
day2,3,3350,0.000657462
day2,3,3450,0.00052597
day2,4,550,0.004254565
day2,4,650,0.00904095
day2,4,750,0.017018259
day2,4,850,0.02659103
day2,4,950,0.042013827
day2,4,1050,0.052827513
day2,4,1150,0.077113987
day2,4,1250,0.104414111
day2,4,1350,0.116114164
day2,4,1450,0.110618685
day2,4,1550,0.101755008
day2,4,1650,0.089700408
day2,4,1750,0.065945754
day2,4,1850,0.051409325
day2,4,1950,0.034213792
day2,4,2050,0.025527389
day2,4,2150,0.017727353
day2,4,2250,0.013472789
day2,4,2350,0.007800035
day2,4,2450,0.006559121
day2,4,2550,0.005140932
day2,4,2650,0.004609112
day2,4,2750,0.003900018
day2,4,2850,0.003722744
day2,4,2950,0.001595462
day2,4,3050,0.002481829
day2,4,3150,0.001418188
day2,4,3250,0.000886368
day2,4,3350,0.001063641
day2,4,3450,0.001063641
day2,5,550,0.003481013
day2,5,650,0.009810127
day2,5,750,0.019462025
day2,5,850,0.032594937
day2,5,950,0.047626582
day2,5,1050,0.075632911
day2,5,1150,0.087025316
day2,5,1250,0.113132911
day2,5,1350,0.124050633
day2,5,1450,0.114240506
day2,5,1550,0.098734177
day2,5,1650,0.076582278
day2,5,1750,0.062183544
day2,5,1850,0.040981013
day2,5,1950,0.026265823
day2,5,2050,0.017088608
day2,5,2150,0.011867089
day2,5,2250,0.009177215
day2,5,2350,0.005379747
day2,5,2450,0.006329114
day2,5,2550,0.00443038
day2,5,2650,0.003322785
day2,5,2750,0.001898734
day2,5,2850,0.001740506
day2,5,2950,0.001898734
day2,5,3050,0.002056962
day2,5,3150,0.001265823
day2,5,3250,0.001107595
day2,5,3350,0.000316456
day2,5,3450,0.000316456
day2,6,550,0.003784295
day2,6,650,0.00614948
day2,6,750,0.012298959
day2,6,850,0.019236834
day2,6,950,0.028066856
day2,6,1050,0.039104383
day2,6,1150,0.061652476
day2,6,1250,0.08388521
day2,6,1350,0.102018291
day2,6,1450,0.115263324
day2,6,1550,0.110217597
day2,6,1650,0.101229896
day2,6,1750,0.082623778
day2,6,1850,0.062598549
day2,6,1950,0.04415011
day2,6,2050,0.032639546
day2,6,2150,0.023021129
day2,6,2250,0.015925576
day2,6,2350,0.014033428
day2,6,2450,0.011825922
day2,6,2550,0.007095553
day2,6,2650,0.006307159
day2,6,2750,0.003626616
day2,6,2850,0.003626616
day2,6,2950,0.002207506
day2,6,3050,0.002365184
day2,6,3150,0.00157679
day2,6,3250,0.001734469
day2,6,3350,0.000946074
day2,6,3450,0.000788395
day3,1,550,0.00755054
day3,1,650,0.012827799
day3,1,750,0.022732808
day3,1,850,0.033206138
day3,1,950,0.044166599
day3,1,1050,0.062190468
day3,1,1150,0.089145084
day3,1,1250,0.107250142
day3,1,1350,0.117317529
day3,1,1450,0.109036291
day3,1,1550,0.10099862
day3,1,1650,0.085410408
day3,1,1750,0.063327109
day3,1,1850,0.047170577
day3,1,1950,0.036697248
day3,1,2050,0.01916051
day3,1,2150,0.013720874
day3,1,2250,0.008443615
day3,1,2350,0.006332711
day3,1,2450,0.003572298
day3,1,2550,0.002679224
day3,1,2650,0.001867338
day3,1,2750,0.000893075
day3,1,2850,0.001055452
day3,1,2950,0.001299018
day3,1,3050,0.000324754
day3,1,3150,0.00056832
day3,1,3250,0.000243566
day3,1,3350,0.000405943
day3,1,3450,0.000405943
day3,2,550,0.004661366
day3,2,650,0.009596929
day3,2,750,0.024677817
day3,2,850,0.048121744
day3,2,950,0.06896079
day3,2,1050,0.108719495
day3,2,1150,0.127639155
day3,2,1250,0.134357006
day3,2,1350,0.122429394
day3,2,1450,0.098437072
day3,2,1550,0.076501234
day3,2,1650,0.056073485
day3,2,1750,0.038661914
day3,2,1850,0.025226213
day3,2,1950,0.018234165
day3,2,2050,0.012476008
day3,2,2150,0.007403345
day3,2,2250,0.005621058
day3,2,2350,0.003427475
day3,2,2450,0.002056485
day3,2,2550,0.002330683
day3,2,2650,0.000548396
day3,2,2750,0.00137099
day3,2,2850,0.000411297
day3,2,2950,0.000685495
day3,2,3050,0.000548396
day3,2,3150,0.000274198
day3,2,3250,0.000274198
day3,2,3350,0.000137099
day3,2,3450,0.000137099
day3,3,550,0.014084507
day3,3,650,0.020287528
day3,3,750,0.032547617
day3,3,850,0.045537474
day3,3,950,0.056411005
day3,3,1050,0.078522951
day3,3,1150,0.098591549
day3,3,1250,0.120849449
day3,3,1350,0.122017077
day3,3,1450,0.113332847
day3,3,1550,0.093118295
day3,3,1650,0.06808728
day3,3,1750,0.047580822
day3,3,1850,0.031671897
day3,3,1950,0.021236226
day3,3,2050,0.012989856
day3,3,2150,0.006786835
day3,3,2250,0.004378603
day3,3,2350,0.003429906
day3,3,2450,0.002189302
day3,3,2550,0.002043348
day3,3,2650,0.001021674
day3,3,2750,0.000875721
day3,3,2850,0.000729767
day3,3,2950,0.000291907
day3,3,3050,0.00021893
day3,3,3150,0.000364884
day3,3,3250,0.000510837
day3,3,3350,0.000291907
day3,3,3450,0
day3,4,550,0.008055898
day3,4,650,0.014221126
day3,4,750,0.020715166
day3,4,850,0.041183724
day3,4,950,0.072009864
day3,4,1050,0.111138512
day3,4,1150,0.139827374
day3,4,1250,0.146157008
day3,4,1350,0.130291821
day3,4,1450,0.103411426
day3,4,1550,0.079161529
day3,4,1650,0.053431977
day3,4,1750,0.032552404
day3,4,1850,0.018824497
day3,4,1950,0.010439786
day3,4,2050,0.007398274
day3,4,2150,0.004192355
day3,4,2250,0.001808467
day3,4,2350,0.001315249
day3,4,2450,0.001233046
day3,4,2550,0.000328812
day3,4,2650,0.00082203
day3,4,2750,0.000411015
day3,4,2850,0.000246609
day3,4,2950,0.000246609
day3,4,3050,0.000164406
day3,4,3150,0.000164406
day3,4,3250,8.22E-05
day3,4,3350,8.22E-05
day3,4,3450,8.22E-05
day3,5,550,0.010242086
day3,5,650,0.018621974
day3,5,750,0.031657356
day3,5,850,0.041713222
day3,5,950,0.064804469
day3,5,1050,0.091247672
day3,5,1150,0.116387337
day3,5,1250,0.133705773
day3,5,1350,0.129795158
day3,5,1450,0.110800745
day3,5,1550,0.083240223
day3,5,1650,0.062290503
day3,5,1750,0.035009311
day3,5,1850,0.027094972
day3,5,1950,0.015456238
day3,5,2050,0.009217877
day3,5,2150,0.005027933
day3,5,2250,0.003817505
day3,5,2350,0.002327747
day3,5,2450,0.002607076
day3,5,2550,0.001117318
day3,5,2650,0.000744879
day3,5,2750,0.001117318
day3,5,2850,0.00027933
day3,5,2950,0.000372439
day3,5,3050,0.00018622
day3,5,3150,0.000651769
day3,5,3250,0.00027933
day3,5,3350,0
day3,5,3450,0.00018622
day3,6,550,0.015858295
day3,6,650,0.021979041
day3,6,750,0.033571362
day3,6,850,0.042103311
day3,6,950,0.052490031
day3,6,1050,0.078364092
day3,6,1150,0.106000185
day3,6,1250,0.113048317
day3,6,1350,0.121023834
day3,6,1450,0.104238153
day3,6,1550,0.091347491
day3,6,1650,0.073077993
day3,6,1750,0.049429658
day3,6,1850,0.03051099
day3,6,1950,0.024946675
day3,6,2050,0.012426968
day3,6,2150,0.009830288
day3,6,2250,0.006120746
day3,6,2350,0.004451451
day3,6,2450,0.003060373
day3,6,2550,0.002040249
day3,6,2650,0.000741909
day3,6,2750,0.000556431
day3,6,2850,0.000834647
day3,6,2950,0.000185477
day3,6,3050,0.000463693
day3,6,3150,0.000556431
day3,6,3250,0.000556431
day3,6,3350,9.27E-05
day3,6,3450,9.27E-05
day4,1,550,0.008560398
day4,1,650,0.009847256
day4,1,750,0.012141219
day4,1,850,0.016057741
day4,1,950,0.023275332
day4,1,1050,0.041235383
day4,1,1150,0.066133274
day4,1,1250,0.102109327
day4,1,1350,0.119957478
day4,1,1450,0.11688021
day4,1,1550,0.116096906
day4,1,1650,0.105690147
day4,1,1750,0.087562245
day4,1,1850,0.062608404
day4,1,1950,0.046662564
day4,1,2050,0.026352599
day4,1,2150,0.016561294
day4,1,2250,0.0088961
day4,1,2350,0.004587926
day4,1,2450,0.003245118
day4,1,2550,0.001230907
day4,1,2650,0.001286857
day4,1,2750,0.000671404
day4,1,2850,0.000783304
day4,1,2950,0.000671404
day4,1,3050,5.60E-05
day4,1,3150,0.000223801
day4,1,3250,0.000391652
day4,1,3350,0.000111901
day4,1,3450,0.000111901
day4,2,550,0.003077903
day4,2,650,0.004988325
day4,2,750,0.007747824
day4,2,850,0.01878582
day4,2,950,0.038102314
day4,2,1050,0.064848228
day4,2,1150,0.087242624
day4,2,1250,0.100403311
day4,2,1350,0.114837614
day4,2,1450,0.110698366
day4,2,1550,0.113139461
day4,2,1650,0.106452982
day4,2,1750,0.081086818
day4,2,1850,0.059329229
day4,2,1950,0.03778391
day4,2,2050,0.020377839
day4,2,2150,0.011780938
day4,2,2250,0.008172363
day4,2,2350,0.004033114
day4,2,2450,0.00254723
day4,2,2550,0.001485884
day4,2,2650,0.000955211
day4,2,2750,0.000530673
day4,2,2850,0.000318404
day4,2,2950,0.000212269
day4,2,3050,0.000424538
day4,2,3150,0.000106135
day4,2,3250,0.000212269
day4,2,3350,0.000106135
day4,2,3450,0.000212269
day4,3,550,0.01006225
day4,3,650,0.017395753
day4,3,750,0.021318325
day4,3,850,0.030783662
day4,3,950,0.031977488
day4,3,1050,0.045877036
day4,3,1150,0.059520764
day4,3,1250,0.077342884
day4,3,1350,0.08885478
day4,3,1450,0.102157415
day4,3,1550,0.09712629
day4,3,1650,0.091327705
day4,3,1750,0.085358574
day4,3,1850,0.068218641
day4,3,1950,0.052613627
day4,3,2050,0.040760638
day4,3,2150,0.029078196
day4,3,2250,0.018163213
day4,3,2350,0.012961542
day4,3,2450,0.006480771
day4,3,2550,0.004434212
day4,3,2650,0.003410932
day4,3,2750,0.001790739
day4,3,2850,0.00102328
day4,3,2950,0.000682186
day4,3,3050,0.00051164
day4,3,3150,0.00025582
day4,3,3250,0.00025582
day4,3,3350,8.53E-05
day4,3,3450,0.000170547
day4,4,550,0.006690055
day4,4,650,0.010361426
day4,4,750,0.020641266
day4,4,850,0.041608877
day4,4,950,0.080688586
day4,4,1050,0.119523538
day4,4,1150,0.146773272
day4,4,1250,0.148649751
day4,4,1350,0.129069103
day4,4,1450,0.102227299
day4,4,1550,0.075140736
day4,4,1650,0.047809415
day4,4,1750,0.028391939
day4,4,1850,0.019091132
day4,4,1950,0.009790324
day4,4,2050,0.004813576
day4,4,2150,0.002773925
day4,4,2250,0.001631721
day4,4,2350,0.001631721
day4,4,2450,0.000652688
day4,4,2550,0.000489516
day4,4,2650,0.000489516
day4,4,2750,0.000489516
day4,4,2850,0.000326344
day4,4,2950,0
day4,4,3050,8.16E-05
day4,4,3150,8.16E-05
day4,4,3250,0
day4,4,3350,0
day4,4,3450,8.16E-05
day4,5,550,0.005581473
day4,5,650,0.007830723
day4,5,750,0.015494835
day4,5,850,0.026741086
day4,5,950,0.047984005
day4,5,1050,0.081389537
day4,5,1150,0.109380207
day4,5,1250,0.126957681
day4,5,1350,0.125541486
day4,5,1450,0.118960347
day4,5,1550,0.097884039
day4,5,1650,0.079390203
day4,5,1750,0.05898034
day4,5,1850,0.038487171
day4,5,1950,0.026157947
day4,5,2050,0.014661779
day4,5,2150,0.008580473
day4,5,2250,0.0044985
day4,5,2350,0.002165945
day4,5,2450,0.001249583
day4,5,2550,0.000583139
day4,5,2650,0.000333222
day4,5,2750,0.000583139
day4,5,2850,0.000499833
day4,5,2950,8.33E-05
day4,5,3050,0
day4,5,3150,0
day4,5,3250,0
day4,5,3350,0
day4,5,3450,0
day4,6,550,0.010737362
day4,6,650,0.014063094
day4,6,750,0.017246294
day4,6,850,0.020857089
day4,6,950,0.022567465
day4,6,1050,0.026653364
day4,6,1150,0.036868111
day4,6,1250,0.052356518
day4,6,1350,0.062903839
day4,6,1450,0.071835804
day4,6,1550,0.086801596
day4,6,1650,0.088987077
day4,6,1750,0.090982516
day4,6,1850,0.085803877
day4,6,1950,0.075921703
day4,6,2050,0.059673128
day4,6,2150,0.048175599
day4,6,2250,0.033874952
day4,6,2350,0.026130749
day4,6,2450,0.019336754
day4,6,2550,0.015488407
day4,6,2650,0.009312049
day4,6,2750,0.006081338
day4,6,2850,0.004513493
day4,6,2950,0.003325732
day4,6,3050,0.002613075
day4,6,3150,0.002803117
day4,6,3250,0.001900418
day4,6,3350,0.000950209
day4,6,3450,0.001235272
day5,1,550,0.012178855
day5,1,650,0.012584817
day5,1,750,0.014672621
day5,1,850,0.01925419
day5,1,950,0.021457983
day5,1,1050,0.028243345
day5,1,1150,0.035550658
day5,1,1250,0.048599432
day5,1,1350,0.068491562
day5,1,1450,0.083802123
day5,1,1550,0.09638694
day5,1,1650,0.102824335
day5,1,1750,0.098996694
day5,1,1850,0.091863365
day5,1,1950,0.075508902
day5,1,2050,0.058922461
day5,1,2150,0.043379922
day5,1,2250,0.031027083
day5,1,2350,0.020414081
day5,1,2450,0.013164763
day5,1,2550,0.007539291
day5,1,2650,0.005799455
day5,1,2750,0.003595662
day5,1,2850,0.002203793
day5,1,2950,0.001043902
day5,1,3050,0.001159891
day5,1,3150,0.000695935
day5,1,3250,0.000289973
day5,1,3350,5.80E-05
day5,1,3450,0.000289973
day5,2,550,0.002660361
day5,2,650,0.002660361
day5,2,750,0.005172923
day5,2,850,0.010715341
day5,2,950,0.024830033
day5,2,1050,0.047221401
day5,2,1150,0.077372155
day5,2,1250,0.097029264
day5,2,1350,0.105675436
day5,2,1450,0.107892403
day5,2,1550,0.094886196
day5,2,1650,0.078037245
day5,2,1750,0.072199231
day5,2,1850,0.065326633
day5,2,1950,0.058897428
day5,2,2050,0.047664795
day5,2,2150,0.038575229
day5,2,2250,0.025790718
day5,2,2350,0.01551877
day5,2,2450,0.009089565
day5,2,2550,0.004951227
day5,2,2650,0.003251552
day5,2,2750,0.001625776
day5,2,2850,0.001034585
day5,2,2950,0.00066509
day5,2,3050,0.000738989
day5,2,3150,0.000221697
day5,2,3250,7.39E-05
day5,2,3350,7.39E-05
day5,2,3450,0.000147798
day5,3,550,0.007772896
day5,3,650,0.012031092
day5,3,750,0.01507266
day5,3,850,0.019871578
day5,3,950,0.02358905
day5,3,1050,0.024400135
day5,3,1150,0.026563028
day5,3,1250,0.032916526
day5,3,1350,0.039607976
day5,3,1450,0.04704292
day5,3,1550,0.055153768
day5,3,1650,0.061304495
day5,3,1750,0.064954376
day5,3,1850,0.066711727
day5,3,1950,0.064886786
day5,3,2050,0.065089557
day5,3,2150,0.059006421
day5,3,2250,0.054883407
day5,3,2350,0.048056776
day5,3,2450,0.041568097
day5,3,2550,0.035147009
day5,3,2650,0.031361947
day5,3,2750,0.025887124
day5,3,2850,0.019939169
day5,3,2950,0.014937479
day5,3,3050,0.0133829
day5,3,3150,0.009192295
day5,3,3250,0.008178439
day5,3,3350,0.006150727
day5,3,3450,0.005339642
day5,4,550,0.040487334
day5,4,650,0.048659089
day5,4,750,0.049104821
day5,4,850,0.051482059
day5,4,950,0.057053711
day5,4,1050,0.076591635
day5,4,1150,0.09211797
day5,4,1250,0.103335562
day5,4,1350,0.096055271
day5,4,1450,0.095163807
day5,4,1550,0.08364906
day5,4,1650,0.062848228
day5,4,1750,0.049327687
day5,4,1850,0.03276131
day5,4,1950,0.017754996
day5,4,2050,0.010846148
day5,4,2150,0.007428869
day5,4,2250,0.00341728
day5,4,2350,0.002897259
day5,4,2450,0.002228661
day5,4,2550,0.002302949
day5,4,2650,0.001857217
day5,4,2750,0.002154372
day5,4,2850,0.00111433
day5,4,2950,0.00170864
day5,4,3050,0.001485774
day5,4,3150,0.002228661
day5,4,3250,0.001857217
day5,4,3350,0.000965753
day5,4,3450,0.00111433
day5,5,550,0.007296703
day5,5,650,0.010285714
day5,5,750,0.014417582
day5,5,850,0.01810989
day5,5,950,0.020835165
day5,5,1050,0.028483516
day5,5,1150,0.036835165
day5,5,1250,0.045538462
day5,5,1350,0.060395604
day5,5,1450,0.071296703
day5,5,1550,0.085802198
day5,5,1650,0.089142857
day5,5,1750,0.093186813
day5,5,1850,0.086153846
day5,5,1950,0.079208791
day5,5,2050,0.064615385
day5,5,2150,0.058549451
day5,5,2250,0.041934066
day5,5,2350,0.031472527
day5,5,2450,0.020395604
day5,5,2550,0.012747253
day5,5,2650,0.009406593
day5,5,2750,0.006241758
day5,5,2850,0.002813187
day5,5,2950,0.001934066
day5,5,3050,0.001230769
day5,5,3150,0.000967033
day5,5,3250,0.00043956
day5,5,3350,8.79E-05
day5,5,3450,0.000175824
day5,6,550,0.009680968
day5,6,650,0.010561056
day5,6,750,0.013274661
day5,6,850,0.016574991
day5,6,950,0.017455079
day5,6,1050,0.018555189
day5,6,1150,0.023322332
day5,6,1250,0.022222222
day5,6,1350,0.026182618
day5,6,1450,0.030583058
day5,6,1550,0.034836817
day5,6,1650,0.044444444
day5,6,1750,0.048184818
day5,6,1850,0.057279061
day5,6,1950,0.06593326
day5,6,2050,0.067766777
day5,6,2150,0.069160249
day5,6,2250,0.054125413
day5,6,2350,0.054785479
day5,6,2450,0.043197653
day5,6,2550,0.041217455
day5,6,2650,0.03410341
day5,6,2750,0.031096443
day5,6,2850,0.028236157
day5,6,2950,0.029922992
day5,6,3050,0.025815915
day5,6,3150,0.024642464
day5,6,3250,0.019948662
day5,6,3350,0.019581958
day5,6,3450,0.017308398
day6,1,550,0.006176717
day6,1,650,0.008061139
day6,1,750,0.010573702
day6,1,850,0.016959799
day6,1,950,0.023450586
day6,1,1050,0.029522613
day6,1,1150,0.030674204
day6,1,1250,0.039782245
day6,1,1350,0.04491206
day6,1,1450,0.058835846
day6,1,1550,0.066164154
day6,1,1650,0.079250419
day6,1,1750,0.079041039
day6,1,1850,0.092860134
day6,1,1950,0.090556951
day6,1,2050,0.083752094
day6,1,2150,0.071922111
day6,1,2250,0.051821608
day6,1,2350,0.039572864
day6,1,2450,0.022508375
day6,1,2550,0.021356784
day6,1,2650,0.010887772
day6,1,2750,0.007118928
day6,1,2850,0.005862647
day6,1,2950,0.004187605
day6,1,3050,0.001570352
day6,1,3150,0.000942211
day6,1,3250,0.001046901
day6,1,3350,0.00031407
day6,1,3450,0.00031407
day6,2,550,0.002404627
day6,2,650,0.004354325
day6,2,750,0.004614285
day6,2,850,0.007408852
day6,2,950,0.013322935
day6,2,1050,0.027945668
day6,2,1150,0.056931176
day6,2,1250,0.083057126
day6,2,1350,0.106908429
day6,2,1450,0.11470722
day6,2,1550,0.10638851
day6,2,1650,0.100994346
day6,2,1750,0.096055111
day6,2,1850,0.084616884
day6,2,1950,0.067784493
day6,2,2050,0.046272828
day6,2,2150,0.028985507
day6,2,2250,0.019496978
day6,2,2350,0.011698187
day6,2,2450,0.007473842
day6,2,2550,0.003899396
day6,2,2650,0.002144668
day6,2,2750,0.001234809
day6,2,2850,0.000714889
day6,2,2950,0.00025996
day6,2,3050,6.50E-05
day6,2,3150,0.00019497
day6,2,3250,0
day6,2,3350,0
day6,2,3450,6.50E-05
day6,3,550,0.009746775
day6,3,650,0.012326804
day6,3,750,0.016626851
day6,3,850,0.019971333
day6,3,950,0.02006689
day6,3,1050,0.027998089
day6,3,1150,0.02627807
day6,3,1250,0.029144768
day6,3,1350,0.027998089
day6,3,1450,0.029240325
day6,3,1550,0.033540373
day6,3,1650,0.036693741
day6,3,1750,0.044529384
day6,3,1850,0.053225036
day6,3,1950,0.057716197
day6,3,2050,0.059245103
day6,3,2150,0.057429527
day6,3,2250,0.053416149
day6,3,2350,0.050358337
day6,3,2450,0.047873865
day6,3,2550,0.03927377
day6,3,2650,0.03306259
day6,3,2750,0.033731486
day6,3,2850,0.031820354
day6,3,2950,0.030100334
day6,3,3050,0.026086957
day6,3,3150,0.025226947
day6,3,3250,0.025226947
day6,3,3350,0.021691352
day6,3,3450,0.020353559
day6,4,550,0.009405923
day6,4,650,0.009825518
day6,4,750,0.011783629
day6,4,850,0.017588028
day6,4,950,0.029196825
day6,4,1050,0.051155635
day6,4,1150,0.078429316
day6,4,1250,0.099444037
day6,4,1350,0.114514494
day6,4,1450,0.117416693
day6,4,1550,0.105213469
day6,4,1650,0.090667506
day6,4,1750,0.070736739
day6,4,1850,0.048498199
day6,4,1950,0.031050037
day6,4,2050,0.015804748
day6,4,2150,0.008321969
day6,4,2250,0.006189028
day6,4,2350,0.006468758
day6,4,2450,0.007447813
day6,4,2550,0.007972307
day6,4,2650,0.009405923
day6,4,2750,0.010315046
day6,4,2850,0.009161159
day6,4,2950,0.008252037
day6,4,3050,0.006853386
day6,4,3150,0.006713521
day6,4,3250,0.005594601
day6,4,3350,0.003846288
day6,4,3450,0.002727368
day6,5,550,0.010182296
day6,5,650,0.013302677
day6,5,750,0.01707998
day6,5,850,0.018968632
day6,5,950,0.022910166
day6,5,1050,0.030793234
day6,5,1150,0.035227459
day6,5,1250,0.044424372
day6,5,1350,0.053785515
day6,5,1450,0.059123009
day6,5,1550,0.068073575
day6,5,1650,0.070208573
day6,5,1750,0.074067991
day6,5,1850,0.07234357
day6,5,1950,0.070290688
day6,5,2050,0.0665955
day6,5,2150,0.062818197
day6,5,2250,0.054770898
day6,5,2350,0.045409755
day6,5,2450,0.033667269
day6,5,2550,0.024552472
day6,5,2650,0.017654787
day6,5,2750,0.014452291
day6,5,2850,0.00714403
day6,5,2950,0.005912301
day6,5,3050,0.00295615
day6,5,3150,0.001478075
day6,5,3250,0.001149614
day6,5,3350,0.000574807
day6,5,3450,8.21E-05
day6,6,550,0.010118632
day6,6,650,0.012153989
day6,6,750,0.017213305
day6,6,850,0.020353571
day6,6,950,0.027855315
day6,6,1050,0.028553152
day6,6,1150,0.034135846
day6,6,1250,0.037741335
day6,6,1350,0.036229356
day6,6,1450,0.038264713
day6,6,1550,0.038671784
day6,6,1650,0.041695743
day6,6,1750,0.049953478
day6,6,1850,0.051988835
day6,6,1950,0.054431263
day6,6,2050,0.056117702
day6,6,2150,0.055070947
day6,6,2250,0.051465457
day6,6,2350,0.045650151
day6,6,2450,0.04314957
day6,6,2550,0.033961386
day6,6,2650,0.031518958
day6,6,2750,0.027971621
day6,6,2850,0.023900907
day6,6,2950,0.025063968
day6,6,3050,0.022388928
day6,6,3150,0.024075366
day6,6,3250,0.021691091
day6,6,3350,0.020295418
day6,6,3450,0.018318214
day7,1,550,0.008056335
day7,1,650,0.012770782
day7,1,750,0.015157844
day7,1,850,0.022557737
day7,1,950,0.025839947
day7,1,1050,0.031091484
day7,1,1150,0.03514949
day7,1,1250,0.038252671
day7,1,1350,0.042430029
day7,1,1450,0.046846094
day7,1,1550,0.047383183
day7,1,1650,0.055081458
day7,1,1750,0.057886256
day7,1,1850,0.057468521
day7,1,1950,0.064629707
day7,1,2050,0.06630065
day7,1,2150,0.070060273
day7,1,2250,0.066061944
day7,1,2350,0.057587874
day7,1,2450,0.050008951
day7,1,2550,0.038252671
day7,1,2650,0.029360864
day7,1,2750,0.021304529
day7,1,2850,0.01557558
day7,1,2950,0.010085337
day7,1,3050,0.005490243
day7,1,3150,0.003819299
day7,1,3250,0.002745121
day7,1,3350,0.00173062
day7,1,3450,0.001014501
day7,2,550,0.006129866
day7,2,650,0.006961776
day7,2,750,0.009588861
day7,2,850,0.01243487
day7,2,950,0.024519462
day7,2,1050,0.047112395
day7,2,1150,0.080563948
day7,2,1250,0.105871536
day7,2,1350,0.12018915
day7,2,1450,0.128070406
day7,2,1550,0.122290818
day7,2,1650,0.111125706
day7,2,1750,0.088357634
day7,2,1850,0.061473795
day7,2,1950,0.037654889
day7,2,2050,0.019659355
day7,2,2150,0.007793686
day7,2,2250,0.003984413
day7,2,2350,0.002233022
day7,2,2450,0.001269758
day7,2,2550,0.000744341
day7,2,2650,0.000481632
day7,2,2750,0.000306493
day7,2,2850,0.000306493
day7,2,2950,0.000175139
day7,2,3050,0.000262709
day7,2,3150,0.000262709
day7,2,3250,4.38E-05
day7,2,3350,8.76E-05
day7,2,3450,4.38E-05
day7,3,550,0.013372093
day7,3,650,0.015863787
day7,3,750,0.023671096
day7,3,850,0.030149502
day7,3,950,0.035299003
day7,3,1050,0.044019934
day7,3,1150,0.042026578
day7,3,1250,0.045930233
day7,3,1350,0.04576412
day7,3,1450,0.044269103
day7,3,1550,0.045099668
day7,3,1650,0.042940199
day7,3,1750,0.04244186
day7,3,1850,0.039784053
day7,3,1950,0.040033223
day7,3,2050,0.041860465
day7,3,2150,0.040448505
day7,3,2250,0.040116279
day7,3,2350,0.038039867
day7,3,2450,0.035631229
day7,3,2550,0.036212625
day7,3,2650,0.032641196
day7,3,2750,0.032807309
day7,3,2850,0.033554817
day7,3,2950,0.027740864
day7,3,3050,0.026993355
day7,3,3150,0.022508306
day7,3,3250,0.016943522
day7,3,3350,0.011960133
day7,3,3450,0.011877076
day7,4,550,0.006310367
day7,4,650,0.008370895
day7,4,750,0.010946555
day7,4,850,0.012105602
day7,4,950,0.018158403
day7,4,1050,0.026786864
day7,4,1150,0.037733419
day7,4,1250,0.059497746
day7,4,1350,0.075660013
day7,4,1450,0.096844816
day7,4,1550,0.11030264
day7,4,1650,0.113650998
day7,4,1750,0.108757244
day7,4,1850,0.095041854
day7,4,1950,0.080746941
day7,4,2050,0.057630393
day7,4,2150,0.039021249
day7,4,2250,0.023889247
day7,4,2350,0.009658725
day7,4,2450,0.005022537
day7,4,2550,0.002060528
day7,4,2650,0.000643915
day7,4,2750,0.000193175
day7,4,2850,0.000515132
day7,4,2950,0.000193175
day7,4,3050,0
day7,4,3150,6.44E-05
day7,4,3250,0.000128783
day7,4,3350,6.44E-05
day7,4,3450,0
day7,5,550,0.011067063
day7,5,650,0.020069376
day7,5,750,0.022960026
day7,5,850,0.026676577
day7,5,950,0.026841758
day7,5,1050,0.025850677
day7,5,1150,0.027419888
day7,5,1250,0.026428807
day7,5,1350,0.028741328
day7,5,1450,0.033283779
day7,5,1550,0.03749587
day7,5,1650,0.044928973
day7,5,1750,0.052857615
day7,5,1850,0.056987116
day7,5,1950,0.062768418
day7,5,2050,0.065989428
day7,5,2150,0.065411298
day7,5,2250,0.067888999
day7,5,2350,0.063098778
day7,5,2450,0.055583086
day7,5,2550,0.052527255
day7,5,2650,0.039147671
day7,5,2750,0.026759167
day7,5,2850,0.021886356
day7,5,2950,0.013296994
day7,5,3050,0.008754542
day7,5,3150,0.007102742
day7,5,3250,0.004129501
day7,5,3350,0.002395111
day7,5,3450,0.0016518
day7,6,550,0.011721673
day7,6,650,0.013384321
day7,6,750,0.022528889
day7,6,850,0.026851775
day7,6,950,0.033751767
day7,6,1050,0.041150553
day7,6,1150,0.045889101
day7,6,1250,0.05029512
day7,6,1350,0.051708371
day7,6,1450,0.05919029
day7,6,1550,0.058442098
day7,6,1650,0.054784271
day7,6,1750,0.052622828
day7,6,1850,0.051542107
day7,6,1950,0.04996259
day7,6,2050,0.043311996
day7,6,2150,0.039238507
day7,6,2250,0.033502369
day7,6,2350,0.032089118
day7,6,2450,0.02942888
day7,6,2550,0.028181894
day7,6,2650,0.024690332
day7,6,2750,0.023859007
day7,6,2850,0.022113226
day7,6,2950,0.021448167
day7,6,3050,0.019286724
day7,6,3150,0.016792751
day7,6,3250,0.016044559
day7,6,3350,0.013799983
day7,6,3450,0.012386732
day1,22,550,0.008268734
day1,22,650,0.005943152
day1,22,750,0.011627907
day1,22,850,0.012403101
day1,22,950,0.011111111
day1,22,1050,0.014470284
day1,22,1150,0.01369509
day1,22,1250,0.016795866
day1,22,1350,0.031007752
day1,22,1450,0.047286822
day1,22,1550,0.065633075
day1,22,1650,0.079328165
day1,22,1750,0.091989664
day1,22,1850,0.096124031
day1,22,1950,0.099224806
day1,22,2050,0.083204134
day1,22,2150,0.070801034
day1,22,2250,0.064599483
day1,22,2350,0.055813953
day1,22,2450,0.035400517
day1,22,2550,0.023255814
day1,22,2650,0.019896641
day1,22,2750,0.01369509
day1,22,2850,0.00749354
day1,22,2950,0.005943152
day1,22,3050,0.004134367
day1,22,3150,0.003617571
day1,22,3250,0.004134367
day1,22,3350,0.002325581
day1,22,3450,0.000775194
day1,24,550,0.012028065
day1,24,650,0.012696291
day1,24,750,0.011025727
day1,24,850,0.011025727
day1,24,950,0.009355162
day1,24,1050,0.011025727
day1,24,1150,0.017707985
day1,24,1250,0.016037421
day1,24,1350,0.028733712
day1,24,1450,0.043768794
day1,24,1550,0.056465085
day1,24,1650,0.070831941
day1,24,1750,0.088874039
day1,24,1850,0.086201136
day1,24,1950,0.104577347
day1,24,2050,0.084530571
day1,24,2150,0.072502506
day1,24,2250,0.066822586
day1,24,2350,0.054794521
day1,24,2450,0.035415971
day1,24,2550,0.038088874
day1,24,2650,0.02171734
day1,24,2750,0.015369195
day1,24,2850,0.008686936
day1,24,2950,0.005011694
day1,24,3050,0.00567992
day1,24,3150,0.004343468
day1,24,3250,0.004343468
day1,24,3350,0.001336452
day1,24,3450,0.001002339
day1,26,550,0.007660577
day1,26,650,0.009035553
day1,26,750,0.010803379
day1,26,850,0.008053428
day1,26,950,0.011589079
day1,26,1050,0.012178354
day1,26,1150,0.01512473
day1,26,1250,0.03103516
day1,26,1350,0.03024946
day1,26,1450,0.045963465
day1,26,1550,0.055981143
day1,26,1650,0.066588097
day1,26,1750,0.075230799
day1,26,1850,0.082694952
day1,26,1950,0.080730701
day1,26,2050,0.0768022
day1,26,2150,0.077784325
day1,26,2250,0.065213121
day1,26,2350,0.058927519
day1,26,2450,0.049302691
day1,26,2550,0.033195836
day1,26,2650,0.028285209
day1,26,2750,0.022196032
day1,26,2850,0.01512473
day1,26,2950,0.009231978
day1,26,3050,0.007071302
day1,26,3150,0.006482027
day1,26,3250,0.003142801
day1,26,3350,0.002357101
day1,26,3450,0.001964251
day1,28,550,0.010824742
day1,28,650,0.009793814
day1,28,750,0.012371134
day1,28,850,0.016494845
day1,28,950,0.015721649
day1,28,1050,0.019072165
day1,28,1150,0.017268041
day1,28,1250,0.027061856
day1,28,1350,0.037628866
day1,28,1450,0.044587629
day1,28,1550,0.056443299
day1,28,1650,0.057731959
day1,28,1750,0.063659794
day1,28,1850,0.077061856
day1,28,1950,0.076804124
day1,28,2050,0.082731959
day1,28,2150,0.079123711
day1,28,2250,0.075515464
day1,28,2350,0.06314433
day1,28,2450,0.043298969
day1,28,2550,0.032474227
day1,28,2650,0.027835052
day1,28,2750,0.016752577
day1,28,2850,0.012113402
day1,28,2950,0.008505155
day1,28,3050,0.006701031
day1,28,3150,0.003865979
day1,28,3250,0.002061856
day1,28,3350,0.001546392
day1,28,3450,0.001804124
day1,30,550,0.009306931
day1,30,650,0.014059406
day1,30,750,0.010891089
day1,30,850,0.018217822
day1,30,950,0.021188119
day1,30,1050,0.028712871
day1,30,1150,0.031287129
day1,30,1250,0.051485149
day1,30,1350,0.047722772
day1,30,1450,0.061386139
day1,30,1550,0.064950495
day1,30,1650,0.068712871
day1,30,1750,0.065544554
day1,30,1850,0.076237624
day1,30,1950,0.066732673
day1,30,2050,0.062772277
day1,30,2150,0.061980198
day1,30,2250,0.049108911
day1,30,2350,0.05029703
day1,30,2450,0.033861386
day1,30,2550,0.025940594
day1,30,2650,0.023564356
day1,30,2750,0.016831683
day1,30,2850,0.011485149
day1,30,2950,0.011089109
day1,30,3050,0.004950495
day1,30,3150,0.003960396
day1,30,3250,0.002574257
day1,30,3350,0.003168317
day1,30,3450,0.001980198
day2,22,550,0.009803922
day2,22,650,0.011204482
day2,22,750,0.011826953
day2,22,850,0.012605042
day2,22,950,0.014005602
day2,22,1050,0.015717398
day2,22,1150,0.021164021
day2,22,1250,0.032368503
day2,22,1350,0.046996576
day2,22,1450,0.069561158
day2,22,1550,0.083877996
day2,22,1650,0.098817305
day2,22,1750,0.103641457
day2,22,1850,0.093370682
day2,22,1950,0.087924059
day2,22,2050,0.0708061
day2,22,2150,0.055555556
day2,22,2250,0.04388422
day2,22,2350,0.034235917
day2,22,2450,0.023653906
day2,22,2550,0.01914099
day2,22,2650,0.010893246
day2,22,2750,0.007314037
day2,22,2850,0.007158419
day2,22,2950,0.004201681
day2,22,3050,0.003267974
day2,22,3150,0.001556178
day2,22,3250,0.002645503
day2,22,3350,0.002023031
day2,22,3450,0.000778089
day2,24,550,0.012201886
day2,24,650,0.01571455
day2,24,750,0.013496025
day2,24,850,0.013865779
day2,24,950,0.010537992
day2,24,1050,0.013126271
day2,24,1150,0.020521353
day2,24,1250,0.03457201
day2,24,1350,0.045664633
day2,24,1450,0.06655574
day2,24,1550,0.081900536
day2,24,1650,0.091514143
day2,24,1750,0.088001479
day2,24,1850,0.095581438
day2,24,1950,0.076539101
day2,24,2050,0.072471806
day2,24,2150,0.057311888
day2,24,2250,0.049547051
day2,24,2350,0.038454428
day2,24,2450,0.029025698
day2,24,2550,0.019596968
day2,24,2650,0.017008689
day2,24,2750,0.008319468
day2,24,2850,0.009798484
day2,24,2950,0.00628582
day2,24,3050,0.003512664
day2,24,3150,0.003697541
day2,24,3250,0.002958033
day2,24,3350,0.001109262
day2,24,3450,0.001109262
day2,26,550,0.011287778
day2,26,650,0.012016021
day2,26,750,0.014079379
day2,26,850,0.017235101
day2,26,950,0.015778614
day2,26,1050,0.018448841
day2,26,1150,0.026338148
day2,26,1250,0.040417526
day2,26,1350,0.060565603
day2,26,1450,0.075009103
day2,26,1550,0.088481612
day2,26,1650,0.09794878
day2,26,1750,0.096613667
day2,26,1850,0.086661003
day2,26,1950,0.08168467
day2,26,2050,0.064449569
day2,26,2150,0.055710644
day2,26,2250,0.038232795
day2,26,2350,0.033013715
day2,26,2450,0.019419833
day2,26,2550,0.012380143
day2,26,2650,0.010802282
day2,26,2750,0.005461828
day2,26,2850,0.004369462
day2,26,2950,0.003277097
day2,26,3050,0.002670227
day2,26,3150,0.002912975
day2,26,3250,0.002184731
day2,26,3350,0.001456487
day2,26,3450,0.001092366
day2,28,550,0.01595046
day2,28,650,0.016325765
day2,28,750,0.014636892
day2,28,850,0.018014637
day2,28,950,0.018389942
day2,28,1050,0.016513417
day2,28,1150,0.021580034
day2,28,1250,0.038281103
day2,28,1350,0.041471195
day2,28,1450,0.063989491
day2,28,1550,0.076562207
day2,28,1650,0.091949709
day2,28,1750,0.08594483
day2,28,1850,0.08519422
day2,28,1950,0.086883093
day2,28,2050,0.07074498
day2,28,2150,0.062300619
day2,28,2250,0.050103209
day2,28,2350,0.039219366
day2,28,2450,0.025708388
day2,28,2550,0.015762807
day2,28,2650,0.01519985
day2,28,2750,0.006943141
day2,28,2850,0.006192531
day2,28,2950,0.006004879
day2,28,3050,0.003002439
day2,28,3150,0.001688872
day2,28,3250,0.001876525
day2,28,3350,0.001876525
day2,28,3450,0.001688872
day2,30,550,0.011337392
day2,30,650,0.012807054
day2,30,750,0.015431451
day2,30,850,0.017950871
day2,30,950,0.021310099
day2,30,1050,0.026873819
day2,30,1150,0.039575898
day2,30,1250,0.057316817
day2,30,1350,0.079676674
day2,30,1450,0.088599622
day2,30,1550,0.094373294
day2,30,1650,0.097732522
day2,30,1750,0.087024984
day2,30,1850,0.076422423
day2,30,1950,0.063930296
day2,30,2050,0.051333193
day2,30,2150,0.041780391
day2,30,2250,0.033277346
day2,30,2350,0.02456435
day2,30,2450,0.018580726
day2,30,2550,0.008922948
day2,30,2650,0.008922948
day2,30,2750,0.006613479
day2,30,2850,0.004199034
day2,30,2950,0.002834348
day2,30,3050,0.002729372
day2,30,3150,0.002519421
day2,30,3250,0.001994541
day2,30,3350,0.000734831
day2,30,3450,0.000629855
day3,22,550,0.009769893
day3,22,650,0.009512791
day3,22,750,0.010412649
day3,22,850,0.011183957
day3,22,950,0.013240776
day3,22,1050,0.018254274
day3,22,1150,0.030852295
day3,22,1250,0.055019925
day3,22,1350,0.08690063
day3,22,1450,0.104512148
day3,22,1550,0.119038437
day3,22,1650,0.121738013
day3,22,1750,0.117752925
day3,22,1850,0.086772079
day3,22,1950,0.066332433
day3,22,2050,0.045121481
day3,22,2150,0.03033809
day3,22,2250,0.021468055
day3,22,2350,0.01259802
day3,22,2450,0.007455971
day3,22,2550,0.005656254
day3,22,2650,0.004370742
day3,22,2750,0.002699576
day3,22,2850,0.002571025
day3,22,2950,0.002185371
day3,22,3050,0.00205682
day3,22,3150,0.000385654
day3,22,3250,0.000642756
day3,22,3350,0.000642756
day3,22,3450,0.000514205
day3,24,550,0.012726932
day3,24,650,0.014692121
day3,24,750,0.016750889
day3,24,850,0.021242748
day3,24,950,0.020868426
day3,24,1050,0.022272132
day3,24,1150,0.035841288
day3,24,1250,0.053527981
day3,24,1350,0.069249485
day3,24,1450,0.086561857
day3,24,1550,0.103780648
day3,24,1650,0.105371514
day3,24,1750,0.101534718
day3,24,1850,0.086842598
day3,24,1950,0.071776156
day3,24,2050,0.05100131
day3,24,2150,0.035466966
day3,24,2250,0.028822759
day3,24,2350,0.017312371
day3,24,2450,0.012352611
day3,24,2550,0.008328654
day3,24,2650,0.008141494
day3,24,2750,0.003556055
day3,24,2850,0.003368894
day3,24,2950,0.002994572
day3,24,3050,0.001778027
day3,24,3150,0.001216545
day3,24,3250,0.001029384
day3,24,3350,0.001029384
day3,24,3450,0.000561482
day3,26,550,0.01127018
day3,26,650,0.013859275
day3,26,750,0.013859275
day3,26,850,0.01675297
day3,26,950,0.015839171
day3,26,1050,0.024520256
day3,26,1150,0.035181237
day3,26,1250,0.05010661
day3,26,1350,0.06137679
day3,26,1450,0.082546451
day3,26,1550,0.092902833
day3,26,1650,0.098842522
day3,26,1750,0.101431617
day3,26,1850,0.091532135
day3,26,1950,0.080871154
day3,26,2050,0.059853792
day3,26,2150,0.044928419
day3,26,2250,0.032896741
day3,26,2350,0.024367956
day3,26,2450,0.014163875
day3,26,2550,0.008681084
day3,26,2650,0.008224185
day3,26,2750,0.004721292
day3,26,2850,0.004112093
day3,26,2950,0.001827597
day3,26,3050,0.001827597
day3,26,3150,0.001370698
day3,26,3250,0.001066098
day3,26,3350,0.000913798
day3,26,3450,0.0001523
day3,28,550,0.014096916
day3,28,650,0.017243549
day3,28,750,0.020264317
day3,28,850,0.025802391
day3,28,950,0.035242291
day3,28,1050,0.05248584
day3,28,1150,0.06217747
day3,28,1250,0.079546885
day3,28,1350,0.087602266
day3,28,1450,0.08936438
day3,28,1550,0.093517936
day3,28,1650,0.08722467
day3,28,1750,0.080427942
day3,28,1850,0.067337948
day3,28,1950,0.0562618
day3,28,2050,0.040025173
day3,28,2150,0.030585274
day3,28,2250,0.019634991
day3,28,2350,0.01371932
day3,28,2450,0.009314034
day3,28,2550,0.007048458
day3,28,2650,0.004279421
day3,28,2750,0.002517306
day3,28,2850,0.001510384
day3,28,2950,0.000503461
day3,28,3050,0.000251731
day3,28,3150,0.000755192
day3,28,3250,0.001006923
day3,28,3350,0.000125865
day3,28,3450,0.000125865
day3,30,550,0.013893654
day3,30,650,0.016981132
day3,30,750,0.022298456
day3,30,850,0.020411664
day3,30,950,0.028816467
day3,30,1050,0.041509434
day3,30,1150,0.071183533
day3,30,1250,0.08542024
day3,30,1350,0.096054889
day3,30,1450,0.09948542
day3,30,1550,0.110463122
day3,30,1650,0.092795883
day3,30,1750,0.077701544
day3,30,1850,0.06329331
day3,30,1950,0.048027444
day3,30,2050,0.032761578
day3,30,2150,0.025557461
day3,30,2250,0.014408233
day3,30,2350,0.01457976
day3,30,2450,0.00754717
day3,30,2550,0.004288165
day3,30,2650,0.003945111
day3,30,2750,0.002572899
day3,30,2850,0.001200686
day3,30,2950,0.001886792
day3,30,3050,0.001200686
day3,30,3150,0.000171527
day3,30,3250,0.000686106
day3,30,3350,0.00051458
day3,30,3450,0.000343053
day4,22,550,0.009829182
day4,22,650,0.01097433
day4,22,750,0.015173204
day4,22,850,0.016509209
day4,22,950,0.015650348
day4,22,1050,0.025384102
day4,22,1150,0.035499571
day4,22,1250,0.054776219
day4,22,1350,0.079015173
day4,22,1450,0.096574101
day4,22,1550,0.109457009
day4,22,1650,0.105926138
day4,22,1750,0.098578109
day4,22,1850,0.077202023
day4,22,1950,0.062696822
day4,22,2050,0.05382193
day4,22,2150,0.036740147
day4,22,2250,0.025861246
day4,22,2350,0.017081783
day4,22,2450,0.014696059
day4,22,2550,0.011546903
day4,22,2650,0.007729745
day4,22,2750,0.00543945
day4,22,2850,0.005057735
day4,22,2950,0.002481153
day4,22,3050,0.002099437
day4,22,3150,0.001049718
day4,22,3250,0.001049718
day4,22,3350,0.001240576
day4,22,3450,0.000858861
day4,24,550,0.017139175
day4,24,650,0.021649485
day4,24,750,0.022036082
day4,24,850,0.025128866
day4,24,950,0.027319588
day4,24,1050,0.028221649
day4,24,1150,0.041108247
day4,24,1250,0.059278351
day4,24,1350,0.072164948
day4,24,1450,0.080927835
day4,24,1550,0.087757732
day4,24,1650,0.082731959
day4,24,1750,0.084793814
day4,24,1850,0.066108247
day4,24,1950,0.064690722
day4,24,2050,0.057474227
day4,24,2150,0.042912371
day4,24,2250,0.029123711
day4,24,2350,0.022164948
day4,24,2450,0.019201031
day4,24,2550,0.01443299
day4,24,2650,0.008891753
day4,24,2750,0.006958763
day4,24,2850,0.006572165
day4,24,2950,0.003350515
day4,24,3050,0.00257732
day4,24,3150,0.001675258
day4,24,3250,0.001159794
day4,24,3350,0.00128866
day4,24,3450,0.001159794
day4,26,550,0.016548188
day4,26,650,0.017422212
day4,26,750,0.023482112
day4,26,850,0.027677427
day4,26,950,0.032688498
day4,26,1050,0.042302762
day4,26,1150,0.049935905
day4,26,1250,0.070679408
day4,26,1350,0.080526745
day4,26,1450,0.09684186
day4,26,1550,0.092296935
day4,26,1650,0.086877986
day4,26,1750,0.079536185
day4,26,1850,0.069805384
day4,26,1950,0.058967486
day4,26,2050,0.042827176
day4,26,2150,0.031581401
day4,26,2250,0.02354038
day4,26,2350,0.016548188
day4,26,2450,0.012061531
day4,26,2550,0.008623704
day4,26,2650,0.005418949
day4,26,2750,0.004661461
day4,26,2850,0.003437828
day4,26,2950,0.002097658
day4,26,3050,0.001165365
day4,26,3150,0.000699219
day4,26,3250,0.000874024
day4,26,3350,0.000466146
day4,26,3450,0.000407878
day4,28,550,0.021813224
day4,28,650,0.028902522
day4,28,750,0.029447853
day4,28,850,0.035582822
day4,28,950,0.042944785
day4,28,1050,0.059304703
day4,28,1150,0.070756646
day4,28,1250,0.08275392
day4,28,1350,0.092433538
day4,28,1450,0.095160191
day4,28,1550,0.089843217
day4,28,1650,0.079890934
day4,28,1750,0.066121336
day4,28,1850,0.053169734
day4,28,1950,0.043899114
day4,28,2050,0.0334015
day4,28,2150,0.022494888
day4,28,2250,0.017586912
day4,28,2350,0.011724608
day4,28,2450,0.007225631
day4,28,2550,0.005044308
day4,28,2650,0.003680982
day4,28,2750,0.001363327
day4,28,2850,0.001772324
day4,28,2950,0.001499659
day4,28,3050,0.001090661
day4,28,3150,0.000681663
day4,28,3250,0.000136333
day4,28,3350,0.000272665
day4,28,3450,0
day4,30,550,0.034925336
day4,30,650,0.047019622
day4,30,750,0.041589535
day4,30,850,0.049611255
day4,30,950,0.042700234
day4,30,1050,0.049364433
day4,30,1150,0.057879798
day4,30,1250,0.073923238
day4,30,1350,0.090707146
day4,30,1450,0.091941256
day4,30,1550,0.094039245
day4,30,1650,0.079723559
day4,30,1750,0.065778107
day4,30,1850,0.052202888
day4,30,1950,0.04331729
day4,30,2050,0.030852771
day4,30,2150,0.018388251
day4,30,2250,0.012834753
day4,30,2350,0.00802172
day4,30,2450,0.005183265
day4,30,2550,0.002591633
day4,30,2650,0.002715044
day4,30,2750,0.001234111
day4,30,2850,0.001234111
day4,30,2950,0.000493644
day4,30,3050,0.000370233
day4,30,3150,0.000246822
day4,30,3250,0.000493644
day4,30,3350,0.000246822
day4,30,3450,0.000370233
day5,22,550,0.009580234
day5,22,650,0.012227405
day5,22,750,0.012101349
day5,22,850,0.013109795
day5,22,950,0.018025967
day5,22,1050,0.024959032
day5,22,1150,0.043741334
day5,22,1250,0.068322198
day5,22,1350,0.097188958
day5,22,1450,0.107651582
day5,22,1550,0.110929031
day5,22,1650,0.10034035
day5,22,1750,0.091768562
day5,22,1850,0.073490483
day5,22,1950,0.059120131
day5,22,2050,0.046514559
day5,22,2150,0.029497038
day5,22,2250,0.02205975
day5,22,2350,0.014622463
day5,22,2450,0.012479516
day5,22,2550,0.0088239
day5,22,2650,0.007563343
day5,22,2750,0.004033783
day5,22,2850,0.002773226
day5,22,2950,0.002899281
day5,22,3050,0.001512669
day5,22,3150,0.001386613
day5,22,3250,0.000756334
day5,22,3350,0.00176478
day5,22,3450,0.000756334
day5,24,550,0.011107031
day5,24,650,0.014136222
day5,24,750,0.01560492
day5,24,850,0.022122269
day5,24,950,0.031118047
day5,24,1050,0.049293189
day5,24,1150,0.068110887
day5,24,1250,0.080044061
day5,24,1350,0.105011933
day5,24,1450,0.10014687
day5,24,1550,0.098402791
day5,24,1650,0.084174775
day5,24,1750,0.075178998
day5,24,1850,0.059115109
day5,24,1950,0.04956857
day5,24,2050,0.039563062
day5,24,2150,0.027354507
day5,24,2250,0.022030475
day5,24,2350,0.014319809
day5,24,2450,0.009087571
day5,24,2550,0.007343492
day5,24,2650,0.004314301
day5,24,2750,0.003396365
day5,24,2850,0.002845603
day5,24,2950,0.001835873
day5,24,3050,0.001744079
day5,24,3150,0.000826143
day5,24,3250,0.000734349
day5,24,3350,0.001193317
day5,24,3450,0.000275381
day5,26,550,0.014691479
day5,26,650,0.017985932
day5,26,750,0.021369424
day5,26,850,0.025109073
day5,26,950,0.035437628
day5,26,1050,0.04131422
day5,26,1150,0.060457662
day5,26,1250,0.078621672
day5,26,1350,0.098744546
day5,26,1450,0.103819785
day5,26,1550,0.099813018
day5,26,1650,0.090374855
day5,26,1750,0.073101238
day5,26,1850,0.056807052
day5,26,1950,0.052711246
day5,26,2050,0.037841688
day5,26,2150,0.027067937
day5,26,2250,0.018876324
day5,26,2350,0.013533968
day5,26,2450,0.009883359
day5,26,2550,0.005787552
day5,26,2650,0.006143709
day5,26,2750,0.003739649
day5,26,2850,0.001780785
day5,26,2950,0.001513668
day5,26,3050,0.00115751
day5,26,3150,0.000979432
day5,26,3250,0.000979432
day5,26,3350,0.000178079
day5,26,3450,0.000178079
day5,28,550,0.013180015
day5,28,650,0.01351624
day5,28,750,0.016811243
day5,28,850,0.023401251
day5,28,950,0.024544415
day5,28,1050,0.031470648
day5,28,1150,0.043574743
day5,28,1250,0.059108332
day5,28,1350,0.073566001
day5,28,1450,0.088359895
day5,28,1550,0.087082241
day5,28,1650,0.084997646
day5,28,1750,0.089570305
day5,28,1850,0.080357743
day5,28,1950,0.067379463
day5,28,2050,0.062672315
day5,28,2150,0.047340461
day5,28,2250,0.034765651
day5,28,2350,0.020375227
day5,28,2450,0.015399099
day5,28,2550,0.008338377
day5,28,2650,0.005177863
day5,28,2750,0.003631229
day5,28,2850,0.001950104
day5,28,2950,0.001613879
day5,28,3050,0.00053796
day5,28,3150,0.00067245
day5,28,3250,0.000201735
day5,28,3350,0.00026898
day5,28,3450,0.00013449
day5,30,550,0.011446231
day5,30,650,0.011675156
day5,30,750,0.015223488
day5,30,850,0.01585303
day5,30,950,0.02323585
day5,30,1050,0.031763292
day5,30,1150,0.042579981
day5,30,1250,0.057231157
day5,30,1350,0.070794941
day5,30,1450,0.083385795
day5,30,1550,0.086762433
day5,30,1650,0.09351571
day5,30,1750,0.087334745
day5,30,1850,0.087735363
day5,30,1950,0.080695931
day5,30,2050,0.065129056
day5,30,2150,0.045670463
day5,30,2250,0.035082699
day5,30,2350,0.020431523
day5,30,2450,0.013621015
day5,30,2550,0.008870829
day5,30,2650,0.005150804
day5,30,2750,0.002918789
day5,30,2850,0.001259085
day5,30,2950,0.001087392
day5,30,3050,0.000629543
day5,30,3150,0.000286156
day5,30,3250,0.000286156
day5,30,3350,0.000286156
day5,30,3450,5.72E-05
day6,22,550,0.010877554
day6,22,650,0.011833015
day6,22,750,0.015801852
day6,22,850,0.018080259
day6,22,950,0.029545789
day6,22,1050,0.047699544
day6,22,1150,0.074819932
day6,22,1250,0.104218727
day6,22,1350,0.1170807
day6,22,1450,0.125973835
day6,22,1550,0.111053947
day6,22,1650,0.088416875
day6,22,1750,0.070998089
day6,22,1850,0.059385565
day6,22,1950,0.039688373
day6,22,2050,0.029472292
day6,22,2150,0.017639277
day6,22,2250,0.011612524
day6,22,2350,0.005806262
day6,22,2450,0.004115831
day6,22,2550,0.002719389
day6,22,2650,0.000808467
day6,22,2750,0.000661473
day6,22,2850,0.000367485
day6,22,2950,0.000661473
day6,22,3050,0.000220491
day6,22,3150,0.000146994
day6,22,3250,0.000146994
day6,22,3350,0
day6,22,3450,0.000146994
day6,24,550,0.010256721
day6,24,650,0.012684348
day6,24,750,0.013412636
day6,24,850,0.02118104
day6,24,950,0.029799114
day6,24,1050,0.051283607
day6,24,1150,0.079747527
day6,24,1250,0.101535474
day6,24,1350,0.115069491
day6,24,1450,0.117921952
day6,24,1550,0.101778236
day6,24,1650,0.08830491
day6,24,1750,0.071068763
day6,24,1850,0.056381623
day6,24,1950,0.040905505
day6,24,2050,0.030891546
day6,24,2150,0.022941069
day6,24,2250,0.012684348
day6,24,2350,0.007707714
day6,24,2450,0.00643321
day6,24,2550,0.003398677
day6,24,2650,0.001577957
day6,24,2750,0.001213813
day6,24,2850,0.000546216
day6,24,2950,0.000303453
day6,24,3050,0.000303453
day6,24,3150,0.000242763
day6,24,3250,6.07E-05
day6,24,3350,0.000303453
day6,24,3450,6.07E-05
day6,26,550,0.01006271
day6,26,650,0.01166691
day6,26,750,0.011861358
day6,26,850,0.014826698
day6,26,950,0.019785134
day6,26,1050,0.030625638
day6,26,1150,0.04623013
day6,26,1250,0.070536192
day6,26,1350,0.086189296
day6,26,1450,0.094793642
day6,26,1550,0.097127023
day6,26,1650,0.095376987
day6,26,1750,0.08011278
day6,26,1850,0.075932137
day6,26,1950,0.063876331
day6,26,2050,0.05357056
day6,26,2150,0.040007778
day6,26,2250,0.032327062
day6,26,2350,0.022604638
day6,26,2450,0.016625346
day6,26,2550,0.010451607
day6,26,2650,0.006611249
day6,26,2750,0.003645909
day6,26,2850,0.002479218
day6,26,2950,0.001215303
day6,26,3050,0.000729182
day6,26,3150,0.000291673
day6,26,3250,0.000194448
day6,26,3350,0.000194448
day6,26,3450,4.86E-05
day6,28,550,0.010616492
day6,28,650,0.011194618
day6,28,750,0.012298313
day6,28,850,0.014085247
day6,28,950,0.016713092
day6,28,1050,0.02249435
day6,28,1150,0.029747201
day6,28,1250,0.042991538
day6,28,1350,0.056761444
day6,28,1450,0.071319704
day6,28,1550,0.079518579
day6,28,1650,0.090713197
day6,28,1750,0.091922006
day6,28,1850,0.091238766
day6,28,1950,0.08608819
day6,28,2050,0.0781521
day6,28,2150,0.06038787
day6,28,2250,0.048247228
day6,28,2350,0.033005729
day6,28,2450,0.022862248
day6,28,2550,0.012928996
day6,28,2650,0.006779839
day6,28,2750,0.003994324
day6,28,2850,0.002259946
day6,28,2950,0.00152415
day6,28,3050,0.001103695
day6,28,3150,0.000473012
day6,28,3250,0.000210228
day6,28,3350,0.000262784
day6,28,3450,0.000105114
day6,30,550,0.008874099
day6,30,650,0.010537992
day6,30,750,0.013311148
day6,30,850,0.012756517
day6,30,950,0.016153633
day6,30,1050,0.018996118
day6,30,1150,0.023502496
day6,30,1250,0.029811425
day6,30,1350,0.03833888
day6,30,1450,0.040973378
day6,30,1550,0.052897948
day6,30,1650,0.061772047
day6,30,1750,0.068566278
day6,30,1850,0.075221852
day6,30,1950,0.080213533
day6,30,2050,0.080976151
day6,30,2150,0.080490849
day6,30,2250,0.06912091
day6,30,2350,0.059345535
day6,30,2450,0.045341098
day6,30,2550,0.035704382
day6,30,2650,0.024750416
day6,30,2750,0.01760954
day6,30,2850,0.012756517
day6,30,2950,0.007487521
day6,30,3050,0.004991681
day6,30,3150,0.003674432
day6,30,3250,0.002565169
day6,30,3350,0.001733222
day6,30,3450,0.001525236
20250322,0,550,0.003611165
20250322,0,650,0.004587156
20250322,0,750,0.00517275
20250322,0,850,0.005953543
20250322,0,950,0.004879953
20250322,0,1050,0.006441538
20250322,0,1150,0.012395081
20250322,0,1250,0.021959789
20250322,0,1350,0.039527621
20250322,0,1450,0.062658598
20250322,0,1550,0.080031232
20250322,0,1650,0.09271911
20250322,0,1750,0.100234238
20250322,0,1850,0.092914308
20250322,0,1950,0.087936756
20250322,0,2050,0.076615264
20250322,0,2150,0.069392934
20250322,0,2250,0.057193051
20250322,0,2350,0.041577201
20250322,0,2450,0.030548507
20250322,0,2550,0.023228577
20250322,0,2650,0.018446223
20250322,0,2750,0.016201444
20250322,0,2850,0.012102284
20250322,0,2950,0.010052703
20250322,0,3050,0.006539137
20250322,0,3150,0.005758345
20250322,0,3250,0.004879953
20250322,0,3350,0.004001562
20250322,0,3450,0.002439977
20250323,0,550,0.006389145
20250323,0,650,0.005796338
20250323,0,750,0.006652615
20250323,0,850,0.00757476
20250323,0,950,0.007838229
20250323,0,1050,0.008233434
20250323,0,1150,0.012844158
20250323,0,1250,0.02555658
20250323,0,1350,0.046238967
20250323,0,1450,0.074298511
20250323,0,1550,0.101962851
20250323,0,1650,0.112304044
20250323,0,1750,0.112435779
20250323,0,1850,0.106310104
20250323,0,1950,0.094849163
20250323,0,2050,0.074693716
20250323,0,2150,0.054604136
20250323,0,2250,0.039586352
20250323,0,2350,0.028586484
20250323,0,2450,0.022263206
20250323,0,2550,0.013436965
20250323,0,2650,0.009287314
20250323,0,2750,0.007508892
20250323,0,2850,0.005071796
20250323,0,2950,0.005005928
20250323,0,3050,0.003754446
20250323,0,3150,0.002371229
20250323,0,3250,0.001976024
20250323,0,3350,0.001317349
20250323,0,3450,0.001251482
20250324,0,550,0.004036236
20250324,0,650,0.005022872
20250324,0,750,0.006637367
20250324,0,850,0.00735492
20250324,0,950,0.009328191
20250324,0,1050,0.019104852
20250324,0,1150,0.043053189
20250324,0,1250,0.081980447
20250324,0,1350,0.110951655
20250324,0,1450,0.128711095
20250324,0,1550,0.122522199
20250324,0,1650,0.115705444
20250324,0,1750,0.091757108
20250324,0,1850,0.074087362
20250324,0,1950,0.051125661
20250324,0,2050,0.038568481
20250324,0,2150,0.023948336
20250324,0,2250,0.0199121
20250324,0,2350,0.012019015
20250324,0,2450,0.009776662
20250324,0,2550,0.007265226
20250324,0,2650,0.005650731
20250324,0,2750,0.003767154
20250324,0,2850,0.002780518
20250324,0,2950,0.001704189
20250324,0,3050,0.001345412
20250324,0,3150,0.00107633
20250324,0,3250,0.000448471
20250324,0,3350,0.000358777
20250324,0,3450,0
20250325,0,550,0.008252122
20250325,0,650,0.012417479
20250325,0,750,0.016975794
20250325,0,850,0.01823326
20250325,0,950,0.022712983
20250325,0,1050,0.032301163
20250325,0,1150,0.05375668
20250325,0,1250,0.086293618
20250325,0,1350,0.108770827
20250325,0,1450,0.119380698
20250325,0,1550,0.114900975
20250325,0,1650,0.105234203
20250325,0,1750,0.0902232
20250325,0,1850,0.065938384
20250325,0,1950,0.045661742
20250325,0,2050,0.033794404
20250325,0,2150,0.022162842
20250325,0,2250,0.01485382
20250325,0,2350,0.009038038
20250325,0,2450,0.005422823
20250325,0,2550,0.003929582
20250325,0,2650,0.00337944
20250325,0,2750,0.002043383
20250325,0,2850,0.000864508
20250325,0,2950,0.001100283
20250325,0,3050,0.000785916
20250325,0,3150,0.000550141
20250325,0,3250,0.000628733
20250325,0,3350,7.86E-05
20250325,0,3450,0.000314367
20250326,0,550,0.007123915
20250326,0,650,0.011491862
20250326,0,750,0.016483802
20250326,0,850,0.021735739
20250326,0,950,0.024543705
20250326,0,1050,0.029431647
20250326,0,1150,0.037283553
20250326,0,1250,0.045083459
20250326,0,1350,0.06499922
20250326,0,1450,0.081795018
20250326,0,1550,0.09084291
20250326,0,1650,0.100150798
20250326,0,1750,0.096042847
20250326,0,1850,0.087670948
20250326,0,1950,0.083043003
20250326,0,2050,0.065883209
20250326,0,2150,0.050075399
20250326,0,2250,0.032343612
20250326,0,2350,0.02079975
20250326,0,2450,0.013883833
20250326,0,2550,0.0083719
20250326,0,2650,0.003899953
20250326,0,2750,0.002703968
20250326,0,2850,0.001715979
20250326,0,2950,0.000987988
20250326,0,3050,0.000519994
20250326,0,3150,0.000311996
20250326,0,3250,0.000571993
20250326,0,3350,0.000103999
20250326,0,3450,0.000103999
20250327,0,550,0.005626521
20250327,0,650,0.005322384
20250327,0,750,0.007831509
20250327,0,850,0.012773723
20250327,0,950,0.020605231
20250327,0,1050,0.032162409
20250327,0,1150,0.051018856
20250327,0,1250,0.071928224
20250327,0,1350,0.088123479
20250327,0,1450,0.100364964
20250327,0,1550,0.103938564
20250327,0,1650,0.102722019
20250327,0,1750,0.099756691
20250327,0,1850,0.088199513
20250327,0,1950,0.06774635
20250327,0,2050,0.04995438
20250327,0,2150,0.032998783
20250327,0,2250,0.022962287
20250327,0,2350,0.011937348
20250327,0,2450,0.007527372
20250327,0,2550,0.005778589
20250327,0,2650,0.003497567
20250327,0,2750,0.002281022
20250327,0,2850,0.001748783
20250327,0,2950,0.001368613
20250327,0,3050,0.000608273
20250327,0,3150,0.00038017
20250327,0,3250,0.000228102
20250327,0,3350,0.000152068
20250327,0,3450,0.000456204
20250328,0,550,0.019289234
20250328,0,650,0.018660237
20250328,0,750,0.016353916
20250328,0,850,0.016878079
20250328,0,950,0.015934584
20250328,0,1050,0.017507076
20250328,0,1150,0.024111542
20250328,0,1250,0.032498165
20250328,0,1350,0.041618618
20250328,0,1450,0.058601531
20250328,0,1550,0.071600797
20250328,0,1650,0.077995597
20250328,0,1750,0.076423105
20250328,0,1850,0.078414928
20250328,0,1950,0.078939092
20250328,0,2050,0.071600797
20250328,0,2150,0.058077367
20250328,0,2250,0.053884055
20250328,0,2350,0.044134605
20250328,0,2450,0.035328651
20250328,0,2550,0.028933851
20250328,0,2650,0.019394066
20250328,0,2750,0.014362092
20250328,0,2850,0.010063948
20250328,0,2950,0.006185135
20250328,0,3050,0.00524164
20250328,0,3150,0.003249817
20250328,0,3250,0.00188699
20250328,0,3350,0.00188699
20250328,0,3450,0.000943495
20250329,0,550,0.043076728
20250329,0,650,0.051616168
20250329,0,750,0.055221709
20250329,0,850,0.051299892
20250329,0,950,0.043772535
20250329,0,1050,0.041874881
20250329,0,1150,0.036877728
20250329,0,1250,0.034094503
20250329,0,1350,0.036308432
20250329,0,1450,0.033841483
20250329,0,1550,0.035549371
20250329,0,1650,0.036877728
20250329,0,1750,0.043203239
20250329,0,1850,0.04383579
20250329,0,1950,0.042444177
20250329,0,2050,0.045480423
20250329,0,2150,0.048200392
20250329,0,2250,0.046745525
20250329,0,2350,0.038901891
20250329,0,2450,0.03788981
20250329,0,2550,0.034347524
20250329,0,2650,0.027832247
20250329,0,2750,0.024416472
20250329,0,2850,0.016509583
20250329,0,2950,0.013916124
20250329,0,3050,0.010690113
20250329,0,3150,0.010626858
20250329,0,3250,0.006262256
20250329,0,3350,0.005123664
20250329,0,3450,0.003162755
20250330,0,550,0.026118015
20250330,0,650,0.029020016
20250330,0,750,0.024406578
20250330,0,850,0.023290423
20250330,0,950,0.016742317
20250330,0,1050,0.015402932
20250330,0,1150,0.01756083
20250330,0,1250,0.01756083
20250330,0,1350,0.020165191
20250330,0,1450,0.022843962
20250330,0,1550,0.024704219
20250330,0,1650,0.025373912
20250330,0,1750,0.035642533
20250330,0,1850,0.040851254
20250330,0,1950,0.042116229
20250330,0,2050,0.044646179
20250330,0,2150,0.055584493
20250330,0,2250,0.054691569
20250330,0,2350,0.057072699
20250330,0,2450,0.055510083
20250330,0,2550,0.053352184
20250330,0,2650,0.051938388
20250330,0,2750,0.048366694
20250330,0,2850,0.04233946
20250330,0,2950,0.037726021
20250330,0,3050,0.031326736
20250330,0,3150,0.025373912
20250330,0,3250,0.024778629
20250330,0,3350,0.018751395
20250330,0,3450,0.016742317
20250331,0,550,0.00813039
20250331,0,650,0.010751871
20250331,0,750,0.01318339
20250331,0,850,0.016336765
20250331,0,950,0.0171726
20250331,0,1050,0.018806276
20250331,0,1150,0.024809088
20250331,0,1250,0.029976065
20250331,0,1350,0.032711523
20250331,0,1450,0.03879032
20250331,0,1550,0.043007485
20250331,0,1650,0.04631283
20250331,0,1750,0.050226055
20250331,0,1850,0.051631777
20250331,0,1950,0.053759356
20250331,0,2050,0.058014513
20250331,0,2150,0.059116295
20250331,0,2250,0.05843243
20250331,0,2350,0.058090498
20250331,0,2450,0.052467611
20250331,0,2550,0.051593784
20250331,0,2650,0.043463394
20250331,0,2750,0.036282816
20250331,0,2850,0.032863493
20250331,0,2950,0.025872877
20250331,0,3050,0.020781885
20250331,0,3150,0.016070818
20250331,0,3250,0.014437141
20250331,0,3350,0.009118195
20250331,0,3450,0.007788458
20250411,C,550,0.004198613
20250411,C,650,0.004928806
20250411,C,750,0.006267494
20250411,C,850,0.004746258
20250411,C,950,0.004381161
20250411,C,1050,0.004989656
20250411,C,1150,0.007362784
20250411,C,1250,0.013021784
20250411,C,1350,0.021662407
20250411,C,1450,0.039247901
20250411,C,1550,0.055433857
20250411,C,1650,0.077826457
20250411,C,1750,0.088353414
20250411,C,1850,0.098697822
20250411,C,1950,0.089144457
20250411,C,2050,0.084033102
20250411,C,2150,0.077826457
20250411,C,2250,0.067847146
20250411,C,2350,0.054399416
20250411,C,2450,0.046306438
20250411,C,2550,0.038943653
20250411,C,2650,0.028538396
20250411,C,2750,0.022696848
20250411,C,2850,0.01576001
20250411,C,2950,0.011439698
20250411,C,3050,0.009553365
20250411,C,3150,0.007545333
20250411,C,3250,0.006510892
20250411,C,3350,0.004198613
20250411,C,3450,0.004137763
20250411,D,550,0.003427039
20250411,D,650,0.004072713
20250411,D,750,0.004718387
20250411,D,850,0.00412238
20250411,D,950,0.004321049
20250411,D,1050,0.004917056
20250411,D,1150,0.007549419
20250411,D,1250,0.014850502
20250411,D,1350,0.028061985
20250411,D,1450,0.048276547
20250411,D,1550,0.069484454
20250411,D,1650,0.086470647
20250411,D,1750,0.099334459
20250411,D,1850,0.096404093
20250411,D,1950,0.09734777
20250411,D,2050,0.086520314
20250411,D,2150,0.072712824
20250411,D,2250,0.058011324
20250411,D,2350,0.048077878
20250411,D,2450,0.040776795
20250411,D,2550,0.028657991
20250411,D,2650,0.02294626
20250411,D,2750,0.018327208
20250411,D,2850,0.013509486
20250411,D,2950,0.009536108
20250411,D,3050,0.008393762
20250411,D,3150,0.006903745
20250411,D,3250,0.004718387
20250411,D,3350,0.004470051
20250411,D,3450,0.003079368
20250412,C,550,0.006333333
20250412,C,650,0.006277778
20250412,C,750,0.007277778
20250412,C,850,0.007166667
20250412,C,950,0.005611111
20250412,C,1050,0.007555556
20250412,C,1150,0.011777778
20250412,C,1250,0.023333333
20250412,C,1350,0.0435
20250412,C,1450,0.070166667
20250412,C,1550,0.089111111
20250412,C,1650,0.099944444
20250412,C,1750,0.097111111
20250412,C,1850,0.091722222
20250412,C,1950,0.082722222
20250412,C,2050,0.072277778
20250412,C,2150,0.061444444
20250412,C,2250,0.047388889
20250412,C,2350,0.036333333
20250412,C,2450,0.030555556
20250412,C,2550,0.023111111
20250412,C,2650,0.018777778
20250412,C,2750,0.015222222
20250412,C,2850,0.012777778
20250412,C,2950,0.009722222
20250412,C,3050,0.006277778
20250412,C,3150,0.006388889
20250412,C,3250,0.004444444
20250412,C,3350,0.003166667
20250412,C,3450,0.0025
20250412,D,550,0.006309694
20250412,D,650,0.006266477
20250412,D,750,0.007001167
20250412,D,850,0.005531786
20250412,D,950,0.008038377
20250412,D,1050,0.019663771
20250412,D,1150,0.044340723
20250412,D,1250,0.079562643
20250412,D,1350,0.107437659
20250412,D,1450,0.119624876
20250412,D,1550,0.115000648
20250412,D,1650,0.104801418
20250412,D,1750,0.09144734
20250412,D,1850,0.0698388
20250412,D,1950,0.051774061
20250412,D,2050,0.038203898
20250412,D,2150,0.029603699
20250412,D,2250,0.022602533
20250412,D,2350,0.017113963
20250412,D,2450,0.013051558
20250412,D,2550,0.008643416
20250412,D,2650,0.008081594
20250412,D,2750,0.005488569
20250412,D,2850,0.00458101
20250412,D,2950,0.003587018
20250412,D,3050,0.003327715
20250412,D,3150,0.002852327
20250412,D,3250,0.002593025
20250412,D,3350,0.002031203
20250412,D,3450,0.001599032
20250413,C,550,0.006168686
20250413,C,650,0.008187528
20250413,C,750,0.010935397
20250413,C,850,0.012225213
20250413,C,950,0.017384477
20250413,C,1050,0.023272768
20250413,C,1150,0.038974877
20250413,C,1250,0.060621355
20250413,C,1350,0.084791386
20250413,C,1450,0.105204127
20250413,C,1550,0.108064154
20250413,C,1650,0.105708838
20250413,C,1750,0.094493046
20250413,C,1850,0.078398385
20250413,C,1950,0.06196725
20250413,C,2050,0.050414984
20250413,C,2150,0.035105428
20250413,C,2250,0.027142216
20250413,C,2350,0.018954688
20250413,C,2450,0.014412293
20250413,C,2550,0.009757739
20250413,C,2650,0.007851054
20250413,C,2750,0.006168686
20250413,C,2850,0.004374159
20250413,C,2950,0.002860027
20250413,C,3050,0.002187079
20250413,C,3150,0.00162629
20250413,C,3250,0.001514132
20250413,C,3350,0.000841184
20250413,C,3450,0.000392553
20250413,D,550,0.007625127
20250413,D,650,0.00851177
20250413,D,750,0.010285056
20250413,D,850,0.01493993
20250413,D,950,0.018708162
20250413,D,1050,0.02863856
20250413,D,1150,0.047036397
20250413,D,1250,0.073901671
20250413,D,1350,0.096156404
20250413,D,1450,0.11703684
20250413,D,1550,0.115396551
20250413,D,1650,0.112913951
20250413,D,1750,0.091457197
20250413,D,1850,0.076605932
20250413,D,1950,0.060513366
20250413,D,2050,0.041007226
20250413,D,2150,0.0271756
20250413,D,2250,0.016713215
20250413,D,2350,0.010772709
20250413,D,2450,0.007580795
20250413,D,2550,0.004521878
20250413,D,2650,0.00332491
20250413,D,2750,0.002792925
20250413,D,2850,0.001640289
20250413,D,2950,0.001551625
20250413,D,3050,0.001152636
20250413,D,3150,0.000797978
20250413,D,3250,0.000709314
20250413,D,3350,0.000265993
20250413,D,3450,0.000265993
20250414,C,550,0.009512974
20250414,C,650,0.010619133
20250414,C,750,0.011788502
20250414,C,850,0.014917354
20250414,C,950,0.0159287
20250414,C,1050,0.018551879
20250414,C,1150,0.020258525
20250414,C,1250,0.025504883
20250414,C,1350,0.036534876
20250414,C,1450,0.050377675
20250414,C,1550,0.064315287
20250414,C,1650,0.078031668
20250414,C,1750,0.082171866
20250414,C,1850,0.08621725
20250414,C,1950,0.08871401
20250414,C,2050,0.082772352
20250414,C,2150,0.076641067
20250414,C,2250,0.061028413
20250414,C,2350,0.052842831
20250414,C,2450,0.039726937
20250414,C,2550,0.026294997
20250414,C,2650,0.017635347
20250414,C,2750,0.010903574
20250414,C,2850,0.0076167
20250414,C,2950,0.004140198
20250414,C,3050,0.002781202
20250414,C,3150,0.001864669
20250414,C,3250,0.001137764
20250414,C,3350,0.00075851
20250414,C,3450,0.000410859
20250414,D,550,0.007988833
20250414,D,650,0.010305298
20250414,D,750,0.011790211
20250414,D,850,0.01473034
20250414,D,950,0.016868615
20250414,D,1050,0.017789261
20250414,D,1150,0.020848182
20250414,D,1250,0.023818009
20250414,D,1350,0.02859943
20250414,D,1450,0.036914944
20250414,D,1550,0.045052269
20250414,D,1650,0.055090283
20250414,D,1750,0.065009503
20250414,D,1850,0.072018294
20250414,D,1950,0.078641007
20250414,D,2050,0.078047042
20250414,D,2150,0.083570919
20250414,D,2250,0.075463293
20250414,D,2350,0.066910192
20250414,D,2450,0.056040627
20250414,D,2550,0.044606795
20250414,D,2650,0.031925636
20250414,D,2750,0.022867665
20250414,D,2850,0.012948444
20250414,D,2950,0.009176764
20250414,D,3050,0.005583274
20250414,D,3150,0.003118318
20250414,D,3250,0.001989784
20250414,D,3350,0.00136612
20250414,D,3450,0.000920646
20250415,A,550,0.011394929
20250415,A,650,0.01600038
20250415,A,750,0.017709619
20250415,A,850,0.01808945
20250415,A,950,0.017994492
20250415,A,1050,0.016855
20250415,A,1150,0.016570126
20250415,A,1250,0.020036084
20250415,A,1350,0.024973887
20250415,A,1450,0.034232267
20250415,A,1550,0.043063337
20250415,A,1650,0.050897351
20250415,A,1750,0.060013294
20250415,A,1850,0.064571266
20250415,A,1950,0.067657392
20250415,A,2050,0.068227139
20250415,A,2150,0.067277561
20250415,A,2250,0.066043111
20250415,A,2350,0.056689773
20250415,A,2450,0.055170449
20250415,A,2550,0.044535182
20250415,A,2650,0.037698224
20250415,A,2750,0.0328079
20250415,A,2850,0.024973887
20250415,A,2950,0.02060583
20250415,A,3050,0.014338619
20250415,A,3150,0.011537366
20250415,A,3250,0.009590732
20250415,A,3350,0.005792422
20250415,A,3450,0.004652929
20250416,A,550,0.010561977
20250416,A,650,0.014149063
20250416,A,750,0.01879899
20250416,A,850,0.021190381
20250416,A,950,0.028430982
20250416,A,1050,0.032150923
20250416,A,1150,0.03680085
20250416,A,1250,0.040852929
20250416,A,1350,0.045967849
20250416,A,1450,0.048691378
20250416,A,1550,0.054138435
20250416,A,1650,0.04915637
20250416,A,1750,0.057127674
20250416,A,1850,0.060382623
20250416,A,1950,0.055267703
20250416,A,2050,0.05506842
20250416,A,2150,0.055732696
20250416,A,2250,0.048691378
20250416,A,2350,0.041251495
20250416,A,2450,0.040122227
20250416,A,2550,0.034675169
20250416,A,2650,0.031685931
20250416,A,2750,0.027301714
20250416,A,2850,0.023050352
20250416,A,2950,0.01773615
20250416,A,3050,0.015477614
20250416,A,3150,0.012421948
20250416,A,3250,0.009565564
20250416,A,3350,0.007506311
20250416,A,3450,0.006044905
20250417,A,550,0.00821407
20250417,A,650,0.009423503
20250417,A,750,0.014210845
20250417,A,850,0.020258012
20250417,A,950,0.023886313
20250417,A,1050,0.026809111
20250417,A,1150,0.03517436
20250417,A,1250,0.038802661
20250417,A,1350,0.042481355
20250417,A,1450,0.049284418
20250417,A,1550,0.051854465
20250417,A,1650,0.055079621
20250417,A,1750,0.056238662
20250417,A,1850,0.055936303
20250417,A,1950,0.055331586
20250417,A,2050,0.055079621
20250417,A,2150,0.054374118
20250417,A,2250,0.05145132
20250417,A,2350,0.04716791
20250417,A,2450,0.046109655
20250417,A,2550,0.038248337
20250417,A,2650,0.031697238
20250417,A,2750,0.029731909
20250417,A,2850,0.024037492
20250417,A,2950,0.020258012
20250417,A,3050,0.018343076
20250417,A,3150,0.014563596
20250417,A,3250,0.010935295
20250417,A,3350,0.008516428
20250417,A,3450,0.006500706
20250418,A,550,0.004887454
20250418,A,650,0.007981347
20250418,A,750,0.011792664
20250418,A,850,0.018025289
20250418,A,950,0.022823065
20250418,A,1050,0.029235046
20250418,A,1150,0.02905569
20250418,A,1250,0.034346695
20250418,A,1350,0.044614833
20250418,A,1450,0.047753565
20250418,A,1550,0.051026814
20250418,A,1650,0.051968433
20250418,A,1750,0.06044301
20250418,A,1850,0.062012376
20250418,A,1950,0.063402385
20250418,A,2050,0.061160434
20250418,A,2150,0.059994619
20250418,A,2250,0.055107165
20250418,A,2350,0.049681643
20250418,A,2450,0.043090306
20250418,A,2550,0.038965115
20250418,A,2650,0.031880549
20250418,A,2750,0.028248588
20250418,A,2850,0.022733387
20250418,A,2950,0.016455923
20250418,A,3050,0.014572684
20250418,A,3150,0.012510089
20250418,A,3250,0.010043942
20250418,A,3350,0.009012645
20250418,A,3450,0.007174244
20250419,A,550,0.004169976
20250419,A,650,0.008737093
20250419,A,750,0.013105639
20250419,A,850,0.018347895
20250419,A,950,0.022637014
20250419,A,1050,0.029467832
20250419,A,1150,0.033320095
20250419,A,1250,0.038204925
20250419,A,1350,0.046584591
20250419,A,1450,0.049880858
20250419,A,1550,0.055003971
20250419,A,1650,0.058498809
20250419,A,1750,0.06096108
20250419,A,1850,0.064058777
20250419,A,1950,0.066957903
20250419,A,2050,0.065647339
20250419,A,2150,0.064694202
20250419,A,2250,0.053256553
20250419,A,2350,0.047140588
20250419,A,2450,0.042732327
20250419,A,2550,0.033677522
20250419,A,2650,0.027640985
20250419,A,2750,0.022478157
20250419,A,2850,0.017871326
20250419,A,2950,0.015011914
20250419,A,3050,0.010722796
20250419,A,3150,0.010166799
20250419,A,3250,0.007148531
20250419,A,3350,0.006115965
20250419,A,3450,0.005758539
20250420,A,550,0.005451067
20250420,A,650,0.00812245
20250420,A,750,0.013717916
20250420,A,850,0.020143677
20250420,A,950,0.026352839
20250420,A,1050,0.030829212
20250420,A,1150,0.035269485
20250420,A,1250,0.038085268
20250420,A,1350,0.043247536
20250420,A,1450,0.045016425
20250420,A,1550,0.046857514
20250420,A,1650,0.050647991
20250420,A,1750,0.05732645
20250420,A,1850,0.062416519
20250420,A,1950,0.06230822
20250420,A,2050,0.064835205
20250420,A,2150,0.063463413
20250420,A,2250,0.061369626
20250420,A,2350,0.056026858
20250420,A,2450,0.048554204
20250420,A,2550,0.039818057
20250420,A,2650,0.035594383
20250420,A,2750,0.023067759
20250420,A,2850,0.0163893
20250420,A,2950,0.013645717
20250420,A,3050,0.009458142
20250420,A,3150,0.007364355
20250420,A,3250,0.005992563
20250420,A,3350,0.004729071
20250420,A,3450,0.003898776
20250421,A,550,0.003242846
20250421,A,650,0.005382455
20250421,A,750,0.008090399
20250421,A,850,0.012770794
20250421,A,950,0.01721717
20250421,A,1050,0.019991976
20250421,A,1150,0.025073549
20250421,A,1250,0.028583846
20250421,A,1350,0.032194437
20250421,A,1450,0.036039048
20250421,A,1550,0.043293661
20250421,A,1650,0.044396898
20250421,A,1750,0.049979941
20250421,A,1850,0.05593073
20250421,A,1950,0.057903183
20250421,A,2050,0.064154854
20250421,A,2150,0.067263974
20250421,A,2250,0.07050682
20250421,A,2350,0.065659267
20250421,A,2450,0.060611126
20250421,A,2550,0.052955336
20250421,A,2650,0.04613533
20250421,A,2750,0.034935812
20250421,A,2850,0.028149238
20250421,A,2950,0.019757957
20250421,A,3050,0.015512169
20250421,A,3150,0.012536775
20250421,A,3250,0.008491575
20250421,A,3350,0.007120888
20250421,A,3450,0.006117946
20250422,total,550,0.001397667
20250422,total,650,0.002187652
20250422,total,750,0.003099174
20250422,total,850,0.004739912
20250422,total,950,0.008446767
20250422,total,1050,0.011424404
20250422,total,1150,0.026434127
20250422,total,1250,0.046366067
20250422,total,1350,0.071827905
20250422,total,1450,0.097897423
20250422,total,1550,0.103366553
20250422,total,1650,0.10506806
20250422,total,1750,0.099052018
20250422,total,1850,0.090058337
20250422,total,1950,0.074137093
20250422,total,2050,0.056757414
20250422,total,2150,0.04788527
20250422,total,2250,0.036764706
20250422,total,2350,0.02698104
20250422,total,2450,0.018291201
20250422,total,2550,0.01671123
20250422,total,2650,0.013855129
20250422,total,2750,0.008385999
20250422,total,2850,0.007839086
20250422,total,2950,0.006259115
20250422,total,3050,0.004071463
20250422,total,3150,0.003889159
20250422,total,3250,0.00352455
20250422,total,3350,0.001579971
20250422,total,3450,0.001701507
20250423,5PM_#1,550,0.004410838
20250423,5PM_#1,650,0.009451796
20250423,5PM_#1,750,0.016663166
20250423,5PM_#1,850,0.023664496
20250423,5PM_#1,950,0.027235175
20250423,5PM_#1,1050,0.039277463
20250423,5PM_#1,1150,0.063572079
20250423,5PM_#1,1250,0.084856123
20250423,5PM_#1,1350,0.109010712
20250423,5PM_#1,1450,0.111951271
20250423,5PM_#1,1550,0.110551005
20250423,5PM_#1,1650,0.095988238
20250423,5PM_#1,1750,0.080725338
20250423,5PM_#1,1850,0.063292025
20250423,5PM_#1,1950,0.049009312
20250423,5PM_#1,2050,0.033676399
20250423,5PM_#1,2150,0.021774137
20250423,5PM_#1,2250,0.01505286
20250423,5PM_#1,2350,0.010011902
20250423,5PM_#1,2450,0.006861304
20250423,5PM_#1,2550,0.005741091
20250423,5PM_#1,2650,0.004270811
20250423,5PM_#1,2750,0.003360639
20250423,5PM_#1,2850,0.002590492
20250423,5PM_#1,2950,0.002730519
20250423,5PM_#1,3050,0.001610306
20250423,5PM_#1,3150,0.000980186
20250423,5PM_#1,3250,0.00084016
20250423,5PM_#1,3350,0.000350067
20250423,5PM_#1,3450,0.000490093
20250423,5PM_#3,550,0.003012237
20250423,5PM_#3,650,0.00545968
20250423,5PM_#3,750,0.010605585
20250423,5PM_#3,850,0.014370882
20250423,5PM_#3,950,0.020269846
20250423,5PM_#3,1050,0.036711641
20250423,5PM_#3,1150,0.066143709
20250423,5PM_#3,1250,0.095073737
20250423,5PM_#3,1350,0.10844054
20250423,5PM_#3,1450,0.116284907
20250423,5PM_#3,1550,0.114339504
20250423,5PM_#3,1650,0.100156887
20250423,5PM_#3,1750,0.083338563
20250423,5PM_#3,1850,0.067838092
20250423,5PM_#3,1950,0.042422341
20250423,5PM_#3,2050,0.034201443
20250423,5PM_#3,2150,0.020520866
20250423,5PM_#3,2250,0.015688735
20250423,5PM_#3,2350,0.01054283
20250423,5PM_#3,2450,0.006652024
20250423,5PM_#3,2550,0.00558519
20250423,5PM_#3,2650,0.005145905
20250423,5PM_#3,2750,0.003012237
20250423,5PM_#3,2850,0.003012237
20250423,5PM_#3,2950,0.002635708
20250423,5PM_#3,3050,0.002259178
20250423,5PM_#3,3150,0.001694383
20250423,5PM_#3,3250,0.001694383
20250423,5PM_#3,3350,0.001568874
20250423,5PM_#3,3450,0.001317854
20250423,5PM_#4,550,0.004178107
20250423,5PM_#4,650,0.006804345
20250423,5PM_#4,750,0.014205563
20250423,5PM_#4,850,0.018503044
20250423,5PM_#4,950,0.027038319
20250423,5PM_#4,1050,0.042258565
20250423,5PM_#4,1150,0.064163782
20250423,5PM_#4,1250,0.089590546
20250423,5PM_#4,1350,0.110122956
20250423,5PM_#4,1450,0.116390116
20250423,5PM_#4,1550,0.108809836
20250423,5PM_#4,1650,0.090306792
20250423,5PM_#4,1750,0.077533723
20250423,5PM_#4,1850,0.060821296
20250423,5PM_#4,1950,0.046018861
20250423,5PM_#4,2050,0.029843619
20250423,5PM_#4,2150,0.023636147
20250423,5PM_#4,2250,0.016354303
20250423,5PM_#4,2350,0.012235884
20250423,5PM_#4,2450,0.008057777
20250423,5PM_#4,2550,0.007281843
20250423,5PM_#4,2650,0.005013728
20250423,5PM_#4,2750,0.003521547
20250423,5PM_#4,2850,0.003521547
20250423,5PM_#4,2950,0.002566551
20250423,5PM_#4,3050,0.003282798
20250423,5PM_#4,3150,0.002626239
20250423,5PM_#4,3250,0.001969679
20250423,5PM_#4,3350,0.001611555
20250423,5PM_#4,3450,0.00173093
20250424,5PM_#1,550,0.005808235
20250424,5PM_#1,650,0.010164411
20250424,5PM_#1,750,0.015223195
20250424,5PM_#1,850,0.020750386
20250424,5PM_#1,950,0.028432245
20250424,5PM_#1,1050,0.041781816
20250424,5PM_#1,1150,0.058738114
20250424,5PM_#1,1250,0.089652911
20250424,5PM_#1,1350,0.108482833
20250424,5PM_#1,1450,0.119771418
20250424,5PM_#1,1550,0.117101504
20250424,5PM_#1,1650,0.101690946
20250424,5PM_#1,1750,0.081971053
20250424,5PM_#1,1850,0.065530001
20250424,5PM_#1,1950,0.046465877
20250424,5PM_#1,2050,0.032273174
20250424,5PM_#1,2150,0.020469343
20250424,5PM_#1,2250,0.013817977
20250424,5PM_#1,2350,0.008103424
20250424,5PM_#1,2450,0.00388777
20250424,5PM_#1,2550,0.003044639
20250424,5PM_#1,2650,0.001826783
20250424,5PM_#1,2750,0.001498899
20250424,5PM_#1,2850,0.000936812
20250424,5PM_#1,2950,0.00074945
20250424,5PM_#1,3050,0.000562087
20250424,5PM_#1,3150,0.000655768
20250424,5PM_#1,3250,0.000374725
20250424,5PM_#1,3350,0.000140522
20250424,5PM_#1,3450,9.37E-05
20250424,5PM_#3,550,0.011198352
20250424,5PM_#3,650,0.019693654
20250424,5PM_#3,750,0.031878835
20250424,5PM_#3,850,0.043935298
20250424,5PM_#3,950,0.054318445
20250424,5PM_#3,1050,0.068176943
20250424,5PM_#3,1150,0.081906723
20250424,5PM_#3,1250,0.089758442
20250424,5PM_#3,1350,0.100356116
20250424,5PM_#3,1450,0.096365899
20250424,5PM_#3,1550,0.090573647
20250424,5PM_#3,1650,0.074956022
20250424,5PM_#3,1750,0.064100914
20250424,5PM_#3,1850,0.05204445
20250424,5PM_#3,1950,0.034710602
20250424,5PM_#3,2050,0.024541983
20250424,5PM_#3,2150,0.017634187
20250424,5PM_#3,2250,0.013043292
20250424,5PM_#3,2350,0.009567941
20250424,5PM_#3,2450,0.00647874
20250424,5PM_#3,2550,0.004247651
20250424,5PM_#3,2650,0.002831767
20250424,5PM_#3,2750,0.002660145
20250424,5PM_#3,2850,0.001673317
20250424,5PM_#3,2950,0.00115845
20250424,5PM_#3,3050,0.000858111
20250424,5PM_#3,3150,0.000557772
20250424,5PM_#3,3250,0.000429056
20250424,5PM_#3,3350,0.000214528
20250424,5PM_#3,3450,0.000128717
20250424,5PM_#4,550,0.010642738
20250424,5PM_#4,650,0.01769616
20250424,5PM_#4,750,0.03230384
20250424,5PM_#4,850,0.042278798
20250424,5PM_#4,950,0.049833055
20250424,5PM_#4,1050,0.065859766
20250424,5PM_#4,1150,0.07654424
20250424,5PM_#4,1250,0.094115192
20250424,5PM_#4,1350,0.098622705
20250424,5PM_#4,1450,0.095784641
20250424,5PM_#4,1550,0.089774624
20250424,5PM_#4,1650,0.078005008
20250424,5PM_#4,1750,0.066652755
20250424,5PM_#4,1850,0.053005008
20250424,5PM_#4,1950,0.040692821
20250424,5PM_#4,2050,0.029674457
20250424,5PM_#4,2150,0.01869783
20250424,5PM_#4,2250,0.012562604
20250424,5PM_#4,2350,0.007888147
20250424,5PM_#4,2450,0.006260434
20250424,5PM_#4,2550,0.004215359
20250424,5PM_#4,2650,0.002295492
20250424,5PM_#4,2750,0.002045075
20250424,5PM_#4,2850,0.001377295
20250424,5PM_#4,2950,0.001126878
20250424,5PM_#4,3050,0.000751252
20250424,5PM_#4,3150,0.000584307
20250424,5PM_#4,3250,0.00033389
20250424,5PM_#4,3350,0.000250417
20250424,5PM_#4,3450,0.000125209
20250425,5PM_#1,550,0.005773595
20250425,5PM_#1,650,0.007675878
20250425,5PM_#1,750,0.009344547
20250425,5PM_#1,850,0.011947671
20250425,5PM_#1,950,0.016519824
20250425,5PM_#1,1050,0.021859565
20250425,5PM_#1,1150,0.038312642
20250425,5PM_#1,1250,0.064777733
20250425,5PM_#1,1350,0.086670671
20250425,5PM_#1,1450,0.109030837
20250425,5PM_#1,1550,0.115305033
20250425,5PM_#1,1650,0.107662528
20250425,5PM_#1,1750,0.101087972
20250425,5PM_#1,1850,0.091209451
20250425,5PM_#1,1950,0.070351088
20250425,5PM_#1,2050,0.052329462
20250425,5PM_#1,2150,0.036844213
20250425,5PM_#1,2250,0.022727273
20250425,5PM_#1,2350,0.013482846
20250425,5PM_#1,2450,0.007242024
20250425,5PM_#1,2550,0.004672273
20250425,5PM_#1,2650,0.001768789
20250425,5PM_#1,2750,0.001034575
20250425,5PM_#1,2850,0.000800961
20250425,5PM_#1,2950,0.000567347
20250425,5PM_#1,3050,0.00020024
20250425,5PM_#1,3150,0.000467227
20250425,5PM_#1,3250,0.000166867
20250425,5PM_#1,3350,6.67E-05
20250425,5PM_#1,3450,0.00010012
20250425,5PM_#3,550,0.005793055
20250425,5PM_#3,650,0.0084104
20250425,5PM_#3,750,0.012667946
20250425,5PM_#3,850,0.016192637
20250425,5PM_#3,950,0.018286512
20250425,5PM_#3,1050,0.021392427
20250425,5PM_#3,1150,0.030291398
20250425,5PM_#3,1250,0.04100506
20250425,5PM_#3,1350,0.058000349
20250425,5PM_#3,1450,0.068504624
20250425,5PM_#3,1550,0.076217065
20250425,5PM_#3,1650,0.083755017
20250425,5PM_#3,1750,0.085744198
20250425,5PM_#3,1850,0.087349503
20250425,5PM_#3,1950,0.084836852
20250425,5PM_#3,2050,0.071889723
20250425,5PM_#3,2150,0.058768103
20250425,5PM_#3,2250,0.048089339
20250425,5PM_#3,2350,0.036189147
20250425,5PM_#3,2450,0.027988135
20250425,5PM_#3,2550,0.01933345
20250425,5PM_#3,2650,0.013331007
20250425,5PM_#3,2750,0.008689583
20250425,5PM_#3,2850,0.006770197
20250425,5PM_#3,2950,0.003978363
20250425,5PM_#3,3050,0.00268714
20250425,5PM_#3,3150,0.001779794
20250425,5PM_#3,3250,0.001116734
20250425,5PM_#3,3350,0.000453673
20250425,5PM_#3,3450,0.000488571
20250425,5PM_#4,550,0.00596284
20250425,5PM_#4,650,0.010456575
20250425,5PM_#4,750,0.01437419
20250425,5PM_#4,850,0.019155984
20250425,5PM_#4,950,0.021172404
20250425,5PM_#4,1050,0.024917183
20250425,5PM_#4,1150,0.034336742
20250425,5PM_#4,1250,0.045254213
20250425,5PM_#4,1350,0.060002881
20250425,5PM_#4,1450,0.071410053
20250425,5PM_#4,1550,0.084545585
20250425,5PM_#4,1650,0.087080513
20250425,5PM_#4,1750,0.089788276
20250425,5PM_#4,1850,0.084055884
20250425,5PM_#4,1950,0.0759614
20250425,5PM_#4,2050,0.065648855
20250425,5PM_#4,2150,0.05504825
20250425,5PM_#4,2250,0.044130779
20250425,5PM_#4,2350,0.034826444
20250425,5PM_#4,2450,0.024801959
20250425,5PM_#4,2550,0.016966729
20250425,5PM_#4,2650,0.011666427
20250425,5PM_#4,2750,0.00711508
20250425,5PM_#4,2850,0.004695377
20250425,5PM_#4,2950,0.002448509
20250425,5PM_#4,3050,0.001785971
20250425,5PM_#4,3150,0.000921792
20250425,5PM_#4,3250,0.000604926
20250425,5PM_#4,3350,0.000460896
20250425,5PM_#4,3450,0.000403284
20250426,5PM_#1,550,0.010759724
20250426,5PM_#1,650,0.013231552
20250426,5PM_#1,750,0.016648491
20250426,5PM_#1,850,0.020610687
20250426,5PM_#1,950,0.023918575
20250426,5PM_#1,1050,0.03220647
20250426,5PM_#1,1150,0.042748092
20250426,5PM_#1,1250,0.050272628
20250426,5PM_#1,1350,0.064776445
20250426,5PM_#1,1450,0.080916031
20250426,5PM_#1,1550,0.089967285
20250426,5PM_#1,1650,0.092511814
20250426,5PM_#1,1750,0.093166121
20250426,5PM_#1,1850,0.087168302
20250426,5PM_#1,1950,0.077935296
20250426,5PM_#1,2050,0.062086514
20250426,5PM_#1,2150,0.048564158
20250426,5PM_#1,2250,0.035696111
20250426,5PM_#1,2350,0.023082515
20250426,5PM_#1,2450,0.013486005
20250426,5PM_#1,2550,0.008287895
20250426,5PM_#1,2650,0.004616503
20250426,5PM_#1,2750,0.003017085
20250426,5PM_#1,2850,0.001417666
20250426,5PM_#1,2950,0.001017812
20250426,5PM_#1,3050,0.000690658
20250426,5PM_#1,3150,0.000399855
20250426,5PM_#1,3250,0.000254453
20250426,5PM_#1,3350,0.000363504
20250426,5PM_#1,3450,0.000181752
20250426,5PM_#3,550,0.005649024
20250426,5PM_#3,650,0.010397478
20250426,5PM_#3,750,0.01322199
20250426,5PM_#3,850,0.01760203
20250426,5PM_#3,950,0.022023005
20250426,5PM_#3,1050,0.025256867
20250426,5PM_#3,1150,0.030578411
20250426,5PM_#3,1250,0.033034508
20250426,5PM_#3,1350,0.043841336
20250426,5PM_#3,1450,0.053338246
20250426,5PM_#3,1550,0.061934586
20250426,5PM_#3,1650,0.076916779
20250426,5PM_#3,1750,0.081460559
20250426,5PM_#3,1850,0.082238323
20250426,5PM_#3,1950,0.077039584
20250426,5PM_#3,2050,0.073641983
20250426,5PM_#3,2150,0.063817594
20250426,5PM_#3,2250,0.053092636
20250426,5PM_#3,2350,0.043145442
20250426,5PM_#3,2450,0.034917516
20250426,5PM_#3,2550,0.02685333
20250426,5PM_#3,2650,0.020099063
20250426,5PM_#3,2750,0.014531909
20250426,5PM_#3,2850,0.011502722
20250426,5PM_#3,2950,0.007204552
20250426,5PM_#3,3050,0.006385853
20250426,5PM_#3,3150,0.00454378
20250426,5PM_#3,3250,0.002087683
20250426,5PM_#3,3350,0.002128618
20250426,5PM_#3,3450,0.001514593
20250426,5PM_#4,550,0.004751346
20250426,5PM_#4,650,0.006810263
20250426,5PM_#4,750,0.009766656
20250426,5PM_#4,850,0.012511878
20250426,5PM_#4,950,0.016101784
20250426,5PM_#4,1050,0.019902861
20250426,5PM_#4,1150,0.020905923
20250426,5PM_#4,1250,0.025498891
20250426,5PM_#4,1350,0.03241474
20250426,5PM_#4,1450,0.040228065
20250426,5PM_#4,1550,0.050522648
20250426,5PM_#4,1650,0.066413262
20250426,5PM_#4,1750,0.077341358
20250426,5PM_#4,1850,0.074226586
20250426,5PM_#4,1950,0.079769824
20250426,5PM_#4,2050,0.080456129
20250426,5PM_#4,2150,0.071956499
20250426,5PM_#4,2250,0.065093443
20250426,5PM_#4,2350,0.054957238
20250426,5PM_#4,2450,0.047249498
20250426,5PM_#4,2550,0.038802661
20250426,5PM_#4,2650,0.030619787
20250426,5PM_#4,2750,0.022067364
20250426,5PM_#4,2850,0.015257101
20250426,5PM_#4,2950,0.011825573
20250426,5PM_#4,3050,0.009344314
20250426,5PM_#4,3150,0.006123957
20250426,5PM_#4,3250,0.004276212
20250426,5PM_#4,3350,0.003009186
20250426,5PM_#4,3450,0.001794953
20250427,5PM_#1,550,0.003903768
20250427,5PM_#1,650,0.004811621
20250427,5PM_#1,750,0.006627326
20250427,5PM_#1,850,0.008170676
20250427,5PM_#1,950,0.009623241
20250427,5PM_#1,1050,0.013345438
20250427,5PM_#1,1150,0.016749887
20250427,5PM_#1,1250,0.020880617
20250427,5PM_#1,1350,0.023740354
20250427,5PM_#1,1450,0.030776214
20250427,5PM_#1,1550,0.037176577
20250427,5PM_#1,1650,0.046935996
20250427,5PM_#1,1750,0.05197458
20250427,5PM_#1,1850,0.064049024
20250427,5PM_#1,1950,0.07135724
20250427,5PM_#1,2050,0.080299591
20250427,5PM_#1,2150,0.082342261
20250427,5PM_#1,2250,0.083340899
20250427,5PM_#1,2350,0.074126192
20250427,5PM_#1,2450,0.067317295
20250427,5PM_#1,2550,0.056967771
20250427,5PM_#1,2650,0.047389923
20250427,5PM_#1,2750,0.033681344
20250427,5PM_#1,2850,0.023649569
20250427,5PM_#1,2950,0.016205175
20250427,5PM_#1,3050,0.009577848
20250427,5PM_#1,3150,0.006718112
20250427,5PM_#1,3250,0.003994553
20250427,5PM_#1,3350,0.002496596
20250427,5PM_#1,3450,0.001770313
20250427,5PM_#3,550,0.005806477
20250427,5PM_#3,650,0.007014536
20250427,5PM_#3,750,0.008495382
20250427,5PM_#3,850,0.011885741
20250427,5PM_#3,950,0.014301859
20250427,5PM_#3,1050,0.017068703
20250427,5PM_#3,1150,0.020887728
20250427,5PM_#3,1250,0.024940571
20250427,5PM_#3,1350,0.027746386
20250427,5PM_#3,1450,0.032929348
20250427,5PM_#3,1550,0.036787343
20250427,5PM_#3,1650,0.044191575
20250427,5PM_#3,1750,0.049491446
20250427,5PM_#3,1850,0.059818401
20250427,5PM_#3,1950,0.065469
20250427,5PM_#3,2050,0.069560812
20250427,5PM_#3,2150,0.072288687
20250427,5PM_#3,2250,0.070067417
20250427,5PM_#3,2350,0.065819726
20250427,5PM_#3,2450,0.054635439
20250427,5PM_#3,2550,0.04910175
20250427,5PM_#3,2650,0.040567398
20250427,5PM_#3,2750,0.03378668
20250427,5PM_#3,2850,0.028252991
20250427,5PM_#3,2950,0.023031059
20250427,5PM_#3,3050,0.020653911
20250427,5PM_#3,3150,0.015431978
20250427,5PM_#3,3250,0.011573984
20250427,5PM_#3,3350,0.009586532
20250427,5PM_#3,3450,0.008807139
20250427,5PM_#4,550,0.004471924
20250427,5PM_#4,650,0.004744128
20250427,5PM_#4,750,0.007543942
20250427,5PM_#4,850,0.008982734
20250427,5PM_#4,950,0.01186032
20250427,5PM_#4,1050,0.013687976
20250427,5PM_#4,1150,0.016448903
20250427,5PM_#4,1250,0.01889874
20250427,5PM_#4,1350,0.023448437
20250427,5PM_#4,1450,0.029242495
20250427,5PM_#4,1550,0.032936693
20250427,5PM_#4,1650,0.041958314
20250427,5PM_#4,1750,0.051329911
20250427,5PM_#4,1850,0.059262716
20250427,5PM_#4,1950,0.061712552
20250427,5PM_#4,2050,0.065484523
20250427,5PM_#4,2150,0.066456681
20250427,5PM_#4,2250,0.061245917
20250427,5PM_#4,2350,0.059690465
20250427,5PM_#4,2450,0.052652045
20250427,5PM_#4,2550,0.051563229
20250427,5PM_#4,2650,0.044369264
20250427,5PM_#4,2750,0.043241562
20250427,5PM_#4,2850,0.037253072
20250427,5PM_#4,2950,0.035230985
20250427,5PM_#4,3050,0.026637113
20250427,5PM_#4,3150,0.024537253
20250427,5PM_#4,3250,0.018820967
20250427,5PM_#4,3350,0.014582361
20250427,5PM_#4,3450,0.011704775
20250428,9AM_#1,550,0.00482616
20250428,9AM_#1,650,0.006500542
20250428,9AM_#1,750,0.007189993
20250428,9AM_#1,850,0.009455333
20250428,9AM_#1,950,0.009947799
20250428,9AM_#1,1050,0.015512656
20250428,9AM_#1,1150,0.01546341
20250428,9AM_#1,1250,0.017531764
20250428,9AM_#1,1350,0.021569979
20250428,9AM_#1,1450,0.024475524
20250428,9AM_#1,1550,0.026790111
20250428,9AM_#1,1650,0.031419285
20250428,9AM_#1,1750,0.035802226
20250428,9AM_#1,1850,0.038461538
20250428,9AM_#1,1950,0.045750025
20250428,9AM_#1,2050,0.05220132
20250428,9AM_#1,2150,0.056535014
20250428,9AM_#1,2250,0.060819462
20250428,9AM_#1,2350,0.069683837
20250428,9AM_#1,2450,0.069733084
20250428,9AM_#1,2550,0.070767261
20250428,9AM_#1,2650,0.06766473
20250428,9AM_#1,2750,0.061607407
20250428,9AM_#1,2850,0.054959125
20250428,9AM_#1,2950,0.045011327
20250428,9AM_#1,3050,0.030877573
20250428,9AM_#1,3150,0.0212745
20250428,9AM_#1,3250,0.014429233
20250428,9AM_#1,3350,0.007928691
20250428,9AM_#1,3450,0.00581109
20250428,9AM_#3,550,0.006737497
20250428,9AM_#3,650,0.008995669
20250428,9AM_#3,750,0.011920187
20250428,9AM_#3,850,0.014844704
20250428,9AM_#3,950,0.017065857
20250428,9AM_#3,1050,0.017510088
20250428,9AM_#3,1150,0.020286529
20250428,9AM_#3,1250,0.022026432
20250428,9AM_#3,1350,0.026505756
20250428,9AM_#3,1450,0.031170177
20250428,9AM_#3,1550,0.036426906
20250428,9AM_#3,1650,0.043682671
20250428,9AM_#3,1750,0.049753822
20250428,9AM_#3,1850,0.058638433
20250428,9AM_#3,1950,0.064783623
20250428,9AM_#3,2050,0.068633621
20250428,9AM_#3,2150,0.0724466
20250428,9AM_#3,2250,0.065412949
20250428,9AM_#3,2350,0.060859586
20250428,9AM_#3,2450,0.053011513
20250428,9AM_#3,2550,0.047717766
20250428,9AM_#3,2650,0.040091808
20250428,9AM_#3,2750,0.034724022
20250428,9AM_#3,2850,0.029430274
20250428,9AM_#3,2950,0.024580757
20250428,9AM_#3,3050,0.020952875
20250428,9AM_#3,3150,0.017584126
20250428,9AM_#3,3250,0.014363455
20250428,9AM_#3,3350,0.011142783
20250428,9AM_#3,3450,0.008699515
20250428,9AM_#4,550,0.006384164
20250428,9AM_#4,650,0.00998329
20250428,9AM_#4,750,0.012382707
20250428,9AM_#4,850,0.01812417
20250428,9AM_#4,950,0.021894683
20250428,9AM_#4,1050,0.021680449
20250428,9AM_#4,1150,0.022880158
20250428,9AM_#4,1250,0.021251982
20250428,9AM_#4,1350,0.022023223
20250428,9AM_#4,1450,0.020694974
20250428,9AM_#4,1550,0.025793736
20250428,9AM_#4,1650,0.029350015
20250428,9AM_#4,1750,0.03256352
20250428,9AM_#4,1850,0.036291186
20250428,9AM_#4,1950,0.041304255
20250428,9AM_#4,2050,0.04648871
20250428,9AM_#4,2150,0.051416085
20250428,9AM_#4,2250,0.05437251
20250428,9AM_#4,2350,0.053944042
20250428,9AM_#4,2450,0.053644115
20250428,9AM_#4,2550,0.054201123
20250428,9AM_#4,2650,0.05068769
20250428,9AM_#4,2750,0.049402288
20250428,9AM_#4,2850,0.047474185
20250428,9AM_#4,2950,0.043832212
20250428,9AM_#4,3050,0.037319508
20250428,9AM_#4,3150,0.036419727
20250428,9AM_#4,3250,0.030549724
20250428,9AM_#4,3350,0.026822058
20250428,9AM_#4,3450,0.020823514
