time,area_bin,frequency,mu
20250322_,550,0.003611165,0.187211542
20250322_,650,0.004587156,0.187211542
20250322_,750,0.00517275,0.187211542
20250322_,850,0.005953543,0.187211542
20250322_,950,0.004879953,0.187211542
20250322_,1050,0.006441538,0.187211542
20250322_,1150,0.012395081,0.187211542
20250322_,1250,0.021959789,0.187211542
20250322_,1350,0.039527621,0.187211542
20250322_,1450,0.062658598,0.187211542
20250322_,1550,0.080031232,0.187211542
20250322_,1650,0.09271911,0.187211542
20250322_,1750,0.100234238,0.187211542
20250322_,1850,0.092914308,0.187211542
20250322_,1950,0.087936756,0.187211542
20250322_,2050,0.076615264,0.187211542
20250322_,2150,0.069392934,0.187211542
20250322_,2250,0.057193051,0.187211542
20250322_,2350,0.041577201,0.187211542
20250322_,2450,0.030548507,0.187211542
20250322_,2550,0.023228577,0.187211542
20250322_,2650,0.018446223,0.187211542
20250322_,2750,0.016201444,0.187211542
20250322_,2850,0.012102284,0.187211542
20250322_,2950,0.010052703,0.187211542
20250322_,3050,0.006539137,0.187211542
20250322_,3150,0.005758345,0.187211542
20250322_,3250,0.004879953,0.187211542
20250322_,3350,0.004001562,0.187211542
20250322_,3450,0.002439977,0.187211542
20250323_,550,0.006389145,0.881547783
20250323_,650,0.005796338,0.881547783
20250323_,750,0.006652615,0.881547783
20250323_,850,0.00757476,0.881547783
20250323_,950,0.007838229,0.881547783
20250323_,1050,0.008233434,0.881547783
20250323_,1150,0.012844158,0.881547783
20250323_,1250,0.02555658,0.881547783
20250323_,1350,0.046238967,0.881547783
20250323_,1450,0.074298511,0.881547783
20250323_,1550,0.101962851,0.881547783
20250323_,1650,0.112304044,0.881547783
20250323_,1750,0.112435779,0.881547783
20250323_,1850,0.106310104,0.881547783
20250323_,1950,0.094849163,0.881547783
20250323_,2050,0.074693716,0.881547783
20250323_,2150,0.054604136,0.881547783
20250323_,2250,0.039586352,0.881547783
20250323_,2350,0.028586484,0.881547783
20250323_,2450,0.022263206,0.881547783
20250323_,2550,0.013436965,0.881547783
20250323_,2650,0.009287314,0.881547783
20250323_,2750,0.007508892,0.881547783
20250323_,2850,0.005071796,0.881547783
20250323_,2950,0.005005928,0.881547783
20250323_,3050,0.003754446,0.881547783
20250323_,3150,0.002371229,0.881547783
20250323_,3250,0.001976024,0.881547783
20250323_,3350,0.001317349,0.881547783
20250323_,3450,0.001251482,0.881547783
20250324_,550,0.004036236,0.834225779
20250324_,650,0.005022872,0.834225779
20250324_,750,0.006637367,0.834225779
20250324_,850,0.00735492,0.834225779
20250324_,950,0.009328191,0.834225779
20250324_,1050,0.019104852,0.834225779
20250324_,1150,0.043053189,0.834225779
20250324_,1250,0.081980447,0.834225779
20250324_,1350,0.110951655,0.834225779
20250324_,1450,0.128711095,0.834225779
20250324_,1550,0.122522199,0.834225779
20250324_,1650,0.115705444,0.834225779
20250324_,1750,0.091757108,0.834225779
20250324_,1850,0.074087362,0.834225779
20250324_,1950,0.051125661,0.834225779
20250324_,2050,0.038568481,0.834225779
20250324_,2150,0.023948336,0.834225779
20250324_,2250,0.0199121,0.834225779
20250324_,2350,0.012019015,0.834225779
20250324_,2450,0.009776662,0.834225779
20250324_,2550,0.007265226,0.834225779
20250324_,2650,0.005650731,0.834225779
20250324_,2750,0.003767154,0.834225779
20250324_,2850,0.002780518,0.834225779
20250324_,2950,0.001704189,0.834225779
20250324_,3050,0.001345412,0.834225779
20250324_,3150,0.00107633,0.834225779
20250324_,3250,0.000448471,0.834225779
20250324_,3350,0.000358777,0.834225779
20250324_,3450,0,0.834225779
20250325_,550,0.008252122,1.116004031
20250325_,650,0.012417479,1.116004031
20250325_,750,0.016975794,1.116004031
20250325_,850,0.01823326,1.116004031
20250325_,950,0.022712983,1.116004031
20250325_,1050,0.032301163,1.116004031
20250325_,1150,0.05375668,1.116004031
20250325_,1250,0.086293618,1.116004031
20250325_,1350,0.108770827,1.116004031
20250325_,1450,0.119380698,1.116004031
20250325_,1550,0.114900975,1.116004031
20250325_,1650,0.105234203,1.116004031
20250325_,1750,0.0902232,1.116004031
20250325_,1850,0.065938384,1.116004031
20250325_,1950,0.045661742,1.116004031
20250325_,2050,0.033794404,1.116004031
20250325_,2150,0.022162842,1.116004031
20250325_,2250,0.01485382,1.116004031
20250325_,2350,0.009038038,1.116004031
20250325_,2450,0.005422823,1.116004031
20250325_,2550,0.003929582,1.116004031
20250325_,2650,0.00337944,1.116004031
20250325_,2750,0.002043383,1.116004031
20250325_,2850,0.000864508,1.116004031
20250325_,2950,0.001100283,1.116004031
20250325_,3050,0.000785916,1.116004031
20250325_,3150,0.000550141,1.116004031
20250325_,3250,0.000628733,1.116004031
20250325_,3350,7.86E-05,1.116004031
20250325_,3450,0.000314367,1.116004031
20250326_,550,0.007123915,0.732588913
20250326_,650,0.011491862,0.732588913
20250326_,750,0.016483802,0.732588913
20250326_,850,0.021735739,0.732588913
20250326_,950,0.024543705,0.732588913
20250326_,1050,0.029431647,0.732588913
20250326_,1150,0.037283553,0.732588913
20250326_,1250,0.045083459,0.732588913
20250326_,1350,0.06499922,0.732588913
20250326_,1450,0.081795018,0.732588913
20250326_,1550,0.09084291,0.732588913
20250326_,1650,0.100150798,0.732588913
20250326_,1750,0.096042847,0.732588913
20250326_,1850,0.087670948,0.732588913
20250326_,1950,0.083043003,0.732588913
20250326_,2050,0.065883209,0.732588913
20250326_,2150,0.050075399,0.732588913
20250326_,2250,0.032343612,0.732588913
20250326_,2350,0.02079975,0.732588913
20250326_,2450,0.013883833,0.732588913
20250326_,2550,0.0083719,0.732588913
20250326_,2650,0.003899953,0.732588913
20250326_,2750,0.002703968,0.732588913
20250326_,2850,0.001715979,0.732588913
20250326_,2950,0.000987988,0.732588913
20250326_,3050,0.000519994,0.732588913
20250326_,3150,0.000311996,0.732588913
20250326_,3250,0.000571993,0.732588913
20250326_,3350,0.000103999,0.732588913
20250326_,3450,0.000103999,0.732588913
20250327_,550,0.005626521,0.118396721
20250327_,650,0.005322384,0.118396721
20250327_,750,0.007831509,0.118396721
20250327_,850,0.012773723,0.118396721
20250327_,950,0.020605231,0.118396721
20250327_,1050,0.032162409,0.118396721
20250327_,1150,0.051018856,0.118396721
20250327_,1250,0.071928224,0.118396721
20250327_,1350,0.088123479,0.118396721
20250327_,1450,0.100364964,0.118396721
20250327_,1550,0.103938564,0.118396721
20250327_,1650,0.102722019,0.118396721
20250327_,1750,0.099756691,0.118396721
20250327_,1850,0.088199513,0.118396721
20250327_,1950,0.06774635,0.118396721
20250327_,2050,0.04995438,0.118396721
20250327_,2150,0.032998783,0.118396721
20250327_,2250,0.022962287,0.118396721
20250327_,2350,0.011937348,0.118396721
20250327_,2450,0.007527372,0.118396721
20250327_,2550,0.005778589,0.118396721
20250327_,2650,0.003497567,0.118396721
20250327_,2750,0.002281022,0.118396721
20250327_,2850,0.001748783,0.118396721
20250327_,2950,0.001368613,0.118396721
20250327_,3050,0.000608273,0.118396721
20250327_,3150,0.00038017,0.118396721
20250327_,3250,0.000228102,0.118396721
20250327_,3350,0.000152068,0.118396721
20250327_,3450,0.000456204,0.118396721
20250328_,550,0.019289234,0.616057099
20250328_,650,0.018660237,0.616057099
20250328_,750,0.016353916,0.616057099
20250328_,850,0.016878079,0.616057099
20250328_,950,0.015934584,0.616057099
20250328_,1050,0.017507076,0.616057099
20250328_,1150,0.024111542,0.616057099
20250328_,1250,0.032498165,0.616057099
20250328_,1350,0.041618618,0.616057099
20250328_,1450,0.058601531,0.616057099
20250328_,1550,0.071600797,0.616057099
20250328_,1650,0.077995597,0.616057099
20250328_,1750,0.076423105,0.616057099
20250328_,1850,0.078414928,0.616057099
20250328_,1950,0.078939092,0.616057099
20250328_,2050,0.071600797,0.616057099
20250328_,2150,0.058077367,0.616057099
20250328_,2250,0.053884055,0.616057099
20250328_,2350,0.044134605,0.616057099
20250328_,2450,0.035328651,0.616057099
20250328_,2550,0.028933851,0.616057099
20250328_,2650,0.019394066,0.616057099
20250328_,2750,0.014362092,0.616057099
20250328_,2850,0.010063948,0.616057099
20250328_,2950,0.006185135,0.616057099
20250328_,3050,0.00524164,0.616057099
20250328_,3150,0.003249817,0.616057099
20250328_,3250,0.00188699,0.616057099
20250328_,3350,0.00188699,0.616057099
20250328_,3450,0.000943495,0.616057099
20250329_,550,0.043076728,0.449765367
20250329_,650,0.051616168,0.449765367
20250329_,750,0.055221709,0.449765367
20250329_,850,0.051299892,0.449765367
20250329_,950,0.043772535,0.449765367
20250329_,1050,0.041874881,0.449765367
20250329_,1150,0.036877728,0.449765367
20250329_,1250,0.034094503,0.449765367
20250329_,1350,0.036308432,0.449765367
20250329_,1450,0.033841483,0.449765367
20250329_,1550,0.035549371,0.449765367
20250329_,1650,0.036877728,0.449765367
20250329_,1750,0.043203239,0.449765367
20250329_,1850,0.04383579,0.449765367
20250329_,1950,0.042444177,0.449765367
20250329_,2050,0.045480423,0.449765367
20250329_,2150,0.048200392,0.449765367
20250329_,2250,0.046745525,0.449765367
20250329_,2350,0.038901891,0.449765367
20250329_,2450,0.03788981,0.449765367
20250329_,2550,0.034347524,0.449765367
20250329_,2650,0.027832247,0.449765367
20250329_,2750,0.024416472,0.449765367
20250329_,2850,0.016509583,0.449765367
20250329_,2950,0.013916124,0.449765367
20250329_,3050,0.010690113,0.449765367
20250329_,3150,0.010626858,0.449765367
20250329_,3250,0.006262256,0.449765367
20250329_,3350,0.005123664,0.449765367
20250329_,3450,0.003162755,0.449765367
20250330_,550,0.026118015,0.693147181
20250330_,650,0.029020016,0.693147181
20250330_,750,0.024406578,0.693147181
20250330_,850,0.023290423,0.693147181
20250330_,950,0.016742317,0.693147181
20250330_,1050,0.015402932,0.693147181
20250330_,1150,0.01756083,0.693147181
20250330_,1250,0.01756083,0.693147181
20250330_,1350,0.020165191,0.693147181
20250330_,1450,0.022843962,0.693147181
20250330_,1550,0.024704219,0.693147181
20250330_,1650,0.025373912,0.693147181
20250330_,1750,0.035642533,0.693147181
20250330_,1850,0.040851254,0.693147181
20250330_,1950,0.042116229,0.693147181
20250330_,2050,0.044646179,0.693147181
20250330_,2150,0.055584493,0.693147181
20250330_,2250,0.054691569,0.693147181
20250330_,2350,0.057072699,0.693147181
20250330_,2450,0.055510083,0.693147181
20250330_,2550,0.053352184,0.693147181
20250330_,2650,0.051938388,0.693147181
20250330_,2750,0.048366694,0.693147181
20250330_,2850,0.04233946,0.693147181
20250330_,2950,0.037726021,0.693147181
20250330_,3050,0.031326736,0.693147181
20250330_,3150,0.025373912,0.693147181
20250330_,3250,0.024778629,0.693147181
20250330_,3350,0.018751395,0.693147181
20250330_,3450,0.016742317,0.693147181
20250331_,550,0.00813039,-0.016807118
20250331_,650,0.010751871,-0.016807118
20250331_,750,0.01318339,-0.016807118
20250331_,850,0.016336765,-0.016807118
20250331_,950,0.0171726,-0.016807118
20250331_,1050,0.018806276,-0.016807118
20250331_,1150,0.024809088,-0.016807118
20250331_,1250,0.029976065,-0.016807118
20250331_,1350,0.032711523,-0.016807118
20250331_,1450,0.03879032,-0.016807118
20250331_,1550,0.043007485,-0.016807118
20250331_,1650,0.04631283,-0.016807118
20250331_,1750,0.050226055,-0.016807118
20250331_,1850,0.051631777,-0.016807118
20250331_,1950,0.053759356,-0.016807118
20250331_,2050,0.058014513,-0.016807118
20250331_,2150,0.059116295,-0.016807118
20250331_,2250,0.05843243,-0.016807118
20250331_,2350,0.058090498,-0.016807118
20250331_,2450,0.052467611,-0.016807118
20250331_,2550,0.051593784,-0.016807118
20250331_,2650,0.043463394,-0.016807118
20250331_,2750,0.036282816,-0.016807118
20250331_,2850,0.032863493,-0.016807118
20250331_,2950,0.025872877,-0.016807118
20250331_,3050,0.020781885,-0.016807118
20250331_,3150,0.016070818,-0.016807118
20250331_,3250,0.014437141,-0.016807118
20250331_,3350,0.009118195,-0.016807118
20250331_,3450,0.007788458,-0.016807118
20250401_,550,0.075,-0.687513363
20250401_,650,0.0875,-0.687513363
20250401_,750,0.075,-0.687513363
20250401_,850,0.0875,-0.687513363
20250401_,950,0.04375,-0.687513363
20250401_,1050,0.0375,-0.687513363
20250401_,1150,0.0375,-0.687513363
20250401_,1250,0.075,-0.687513363
20250401_,1350,0.0375,-0.687513363
20250401_,1450,0.0375,-0.687513363
20250401_,1550,0.01875,-0.687513363
20250401_,1650,0.05625,-0.687513363
20250401_,1750,0.05,-0.687513363
20250401_,1850,0.04375,-0.687513363
20250401_,1950,0.0375,-0.687513363
20250401_,2050,0.03125,-0.687513363
20250401_,2150,0.01875,-0.687513363
20250401_,2250,0.025,-0.687513363
20250401_,2350,0.01875,-0.687513363
20250401_,2450,0.00625,-0.687513363
20250401_,2550,0.01875,-0.687513363
20250401_,2650,0.01875,-0.687513363
20250401_,2750,0.0125,-0.687513363
20250401_,2850,0.0125,-0.687513363
20250401_,2950,0.0125,-0.687513363
20250401_,3050,0.00625,-0.687513363
20250401_,3150,0,-0.687513363
20250401_,3250,0.00625,-0.687513363
20250401_,3350,0.00625,-0.687513363
20250401_,3450,0.00625,-0.687513363
20250411_C,550,0.004198613,0.949080555
20250411_C,650,0.004928806,0.949080555
20250411_C,750,0.006267494,0.949080555
20250411_C,850,0.004746258,0.949080555
20250411_C,950,0.004381161,0.949080555
20250411_C,1050,0.004989656,0.949080555
20250411_C,1150,0.007362784,0.949080555
20250411_C,1250,0.013021784,0.949080555
20250411_C,1350,0.021662407,0.949080555
20250411_C,1450,0.039247901,0.949080555
20250411_C,1550,0.055433857,0.949080555
20250411_C,1650,0.077826457,0.949080555
20250411_C,1750,0.088353414,0.949080555
20250411_C,1850,0.098697822,0.949080555
20250411_C,1950,0.089144457,0.949080555
20250411_C,2050,0.084033102,0.949080555
20250411_C,2150,0.077826457,0.949080555
20250411_C,2250,0.067847146,0.949080555
20250411_C,2350,0.054399416,0.949080555
20250411_C,2450,0.046306438,0.949080555
20250411_C,2550,0.038943653,0.949080555
20250411_C,2650,0.028538396,0.949080555
20250411_C,2750,0.022696848,0.949080555
20250411_C,2850,0.01576001,0.949080555
20250411_C,2950,0.011439698,0.949080555
20250411_C,3050,0.009553365,0.949080555
20250411_C,3150,0.007545333,0.949080555
20250411_C,3250,0.006510892,0.949080555
20250411_C,3350,0.004198613,0.949080555
20250411_C,3450,0.004137763,0.949080555
20250411_D,550,0.003427039,0.800392711
20250411_D,650,0.004072713,0.800392711
20250411_D,750,0.004718387,0.800392711
20250411_D,850,0.00412238,0.800392711
20250411_D,950,0.004321049,0.800392711
20250411_D,1050,0.004917056,0.800392711
20250411_D,1150,0.007549419,0.800392711
20250411_D,1250,0.014850502,0.800392711
20250411_D,1350,0.028061985,0.800392711
20250411_D,1450,0.048276547,0.800392711
20250411_D,1550,0.069484454,0.800392711
20250411_D,1650,0.086470647,0.800392711
20250411_D,1750,0.099334459,0.800392711
20250411_D,1850,0.096404093,0.800392711
20250411_D,1950,0.09734777,0.800392711
20250411_D,2050,0.086520314,0.800392711
20250411_D,2150,0.072712824,0.800392711
20250411_D,2250,0.058011324,0.800392711
20250411_D,2350,0.048077878,0.800392711
20250411_D,2450,0.040776795,0.800392711
20250411_D,2550,0.028657991,0.800392711
20250411_D,2650,0.02294626,0.800392711
20250411_D,2750,0.018327208,0.800392711
20250411_D,2850,0.013509486,0.800392711
20250411_D,2950,0.009536108,0.800392711
20250411_D,3050,0.008393762,0.800392711
20250411_D,3150,0.006903745,0.800392711
20250411_D,3250,0.004718387,0.800392711
20250411_D,3350,0.004470051,0.800392711
20250411_D,3450,0.003079368,0.800392711
20250412_C,550,0.006333333,0.896746136
20250412_C,650,0.006277778,0.896746136
20250412_C,750,0.007277778,0.896746136
20250412_C,850,0.007166667,0.896746136
20250412_C,950,0.005611111,0.896746136
20250412_C,1050,0.007555556,0.896746136
20250412_C,1150,0.011777778,0.896746136
20250412_C,1250,0.023333333,0.896746136
20250412_C,1350,0.0435,0.896746136
20250412_C,1450,0.070166667,0.896746136
20250412_C,1550,0.089111111,0.896746136
20250412_C,1650,0.099944444,0.896746136
20250412_C,1750,0.097111111,0.896746136
20250412_C,1850,0.091722222,0.896746136
20250412_C,1950,0.082722222,0.896746136
20250412_C,2050,0.072277778,0.896746136
20250412_C,2150,0.061444444,0.896746136
20250412_C,2250,0.047388889,0.896746136
20250412_C,2350,0.036333333,0.896746136
20250412_C,2450,0.030555556,0.896746136
20250412_C,2550,0.023111111,0.896746136
20250412_C,2650,0.018777778,0.896746136
20250412_C,2750,0.015222222,0.896746136
20250412_C,2850,0.012777778,0.896746136
20250412_C,2950,0.009722222,0.896746136
20250412_C,3050,0.006277778,0.896746136
20250412_C,3150,0.006388889,0.896746136
20250412_C,3250,0.004444444,0.896746136
20250412_C,3350,0.003166667,0.896746136
20250412_C,3450,0.0025,0.896746136
20250412_D,550,0.006309694,0.885307186
20250412_D,650,0.006266477,0.885307186
20250412_D,750,0.007001167,0.885307186
20250412_D,850,0.005531786,0.885307186
20250412_D,950,0.008038377,0.885307186
20250412_D,1050,0.019663771,0.885307186
20250412_D,1150,0.044340723,0.885307186
20250412_D,1250,0.079562643,0.885307186
20250412_D,1350,0.107437659,0.885307186
20250412_D,1450,0.119624876,0.885307186
20250412_D,1550,0.115000648,0.885307186
20250412_D,1650,0.104801418,0.885307186
20250412_D,1750,0.09144734,0.885307186
20250412_D,1850,0.0698388,0.885307186
20250412_D,1950,0.051774061,0.885307186
20250412_D,2050,0.038203898,0.885307186
20250412_D,2150,0.029603699,0.885307186
20250412_D,2250,0.022602533,0.885307186
20250412_D,2350,0.017113963,0.885307186
20250412_D,2450,0.013051558,0.885307186
20250412_D,2550,0.008643416,0.885307186
20250412_D,2650,0.008081594,0.885307186
20250412_D,2750,0.005488569,0.885307186
20250412_D,2850,0.00458101,0.885307186
20250412_D,2950,0.003587018,0.885307186
20250412_D,3050,0.003327715,0.885307186
20250412_D,3150,0.002852327,0.885307186
20250412_D,3250,0.002593025,0.885307186
20250412_D,3350,0.002031203,0.885307186
20250412_D,3450,0.001599032,0.885307186
20250413_C,550,0.006168686,0.918918854
20250413_C,650,0.008187528,0.918918854
20250413_C,750,0.010935397,0.918918854
20250413_C,850,0.012225213,0.918918854
20250413_C,950,0.017384477,0.918918854
20250413_C,1050,0.023272768,0.918918854
20250413_C,1150,0.038974877,0.918918854
20250413_C,1250,0.060621355,0.918918854
20250413_C,1350,0.084791386,0.918918854
20250413_C,1450,0.105204127,0.918918854
20250413_C,1550,0.108064154,0.918918854
20250413_C,1650,0.105708838,0.918918854
20250413_C,1750,0.094493046,0.918918854
20250413_C,1850,0.078398385,0.918918854
20250413_C,1950,0.06196725,0.918918854
20250413_C,2050,0.050414984,0.918918854
20250413_C,2150,0.035105428,0.918918854
20250413_C,2250,0.027142216,0.918918854
20250413_C,2350,0.018954688,0.918918854
20250413_C,2450,0.014412293,0.918918854
20250413_C,2550,0.009757739,0.918918854
20250413_C,2650,0.007851054,0.918918854
20250413_C,2750,0.006168686,0.918918854
20250413_C,2850,0.004374159,0.918918854
20250413_C,2950,0.002860027,0.918918854
20250413_C,3050,0.002187079,0.918918854
20250413_C,3150,0.00162629,0.918918854
20250413_C,3250,0.001514132,0.918918854
20250413_C,3350,0.000841184,0.918918854
20250413_C,3450,0.000392553,0.918918854
20250413_D,550,0.007625127,1.060602963
20250413_D,650,0.00851177,1.060602963
20250413_D,750,0.010285056,1.060602963
20250413_D,850,0.01493993,1.060602963
20250413_D,950,0.018708162,1.060602963
20250413_D,1050,0.02863856,1.060602963
20250413_D,1150,0.047036397,1.060602963
20250413_D,1250,0.073901671,1.060602963
20250413_D,1350,0.096156404,1.060602963
20250413_D,1450,0.11703684,1.060602963
20250413_D,1550,0.115396551,1.060602963
20250413_D,1650,0.112913951,1.060602963
20250413_D,1750,0.091457197,1.060602963
20250413_D,1850,0.076605932,1.060602963
20250413_D,1950,0.060513366,1.060602963
20250413_D,2050,0.041007226,1.060602963
20250413_D,2150,0.0271756,1.060602963
20250413_D,2250,0.016713215,1.060602963
20250413_D,2350,0.010772709,1.060602963
20250413_D,2450,0.007580795,1.060602963
20250413_D,2550,0.004521878,1.060602963
20250413_D,2650,0.00332491,1.060602963
20250413_D,2750,0.002792925,1.060602963
20250413_D,2850,0.001640289,1.060602963
20250413_D,2950,0.001551625,1.060602963
20250413_D,3050,0.001152636,1.060602963
20250413_D,3150,0.000797978,1.060602963
20250413_D,3250,0.000709314,1.060602963
20250413_D,3350,0.000265993,1.060602963
20250413_D,3450,0.000265993,1.060602963
20250414_C,550,0.009512974,0.652981139
20250414_C,650,0.010619133,0.652981139
20250414_C,750,0.011788502,0.652981139
20250414_C,850,0.014917354,0.652981139
20250414_C,950,0.0159287,0.652981139
20250414_C,1050,0.018551879,0.652981139
20250414_C,1150,0.020258525,0.652981139
20250414_C,1250,0.025504883,0.652981139
20250414_C,1350,0.036534876,0.652981139
20250414_C,1450,0.050377675,0.652981139
20250414_C,1550,0.064315287,0.652981139
20250414_C,1650,0.078031668,0.652981139
20250414_C,1750,0.082171866,0.652981139
20250414_C,1850,0.08621725,0.652981139
20250414_C,1950,0.08871401,0.652981139
20250414_C,2050,0.082772352,0.652981139
20250414_C,2150,0.076641067,0.652981139
20250414_C,2250,0.061028413,0.652981139
20250414_C,2350,0.052842831,0.652981139
20250414_C,2450,0.039726937,0.652981139
20250414_C,2550,0.026294997,0.652981139
20250414_C,2650,0.017635347,0.652981139
20250414_C,2750,0.010903574,0.652981139
20250414_C,2850,0.0076167,0.652981139
20250414_C,2950,0.004140198,0.652981139
20250414_C,3050,0.002781202,0.652981139
20250414_C,3150,0.001864669,0.652981139
20250414_C,3250,0.001137764,0.652981139
20250414_C,3350,0.00075851,0.652981139
20250414_C,3450,0.000410859,0.652981139
20250414_D,550,0.007988833,0.676052747
20250414_D,650,0.010305298,0.676052747
20250414_D,750,0.011790211,0.676052747
20250414_D,850,0.01473034,0.676052747
20250414_D,950,0.016868615,0.676052747
20250414_D,1050,0.017789261,0.676052747
20250414_D,1150,0.020848182,0.676052747
20250414_D,1250,0.023818009,0.676052747
20250414_D,1350,0.02859943,0.676052747
20250414_D,1450,0.036914944,0.676052747
20250414_D,1550,0.045052269,0.676052747
20250414_D,1650,0.055090283,0.676052747
20250414_D,1750,0.065009503,0.676052747
20250414_D,1850,0.072018294,0.676052747
20250414_D,1950,0.078641007,0.676052747
20250414_D,2050,0.078047042,0.676052747
20250414_D,2150,0.083570919,0.676052747
20250414_D,2250,0.075463293,0.676052747
20250414_D,2350,0.066910192,0.676052747
20250414_D,2450,0.056040627,0.676052747
20250414_D,2550,0.044606795,0.676052747
20250414_D,2650,0.031925636,0.676052747
20250414_D,2750,0.022867665,0.676052747
20250414_D,2850,0.012948444,0.676052747
20250414_D,2950,0.009176764,0.676052747
20250414_D,3050,0.005583274,0.676052747
20250414_D,3150,0.003118318,0.676052747
20250414_D,3250,0.001989784,0.676052747
20250414_D,3350,0.00136612,0.676052747
20250414_D,3450,0.000920646,0.676052747
20250415_A,550,0.011394929,0.521149507
20250415_A,650,0.01600038,0.521149507
20250415_A,750,0.017709619,0.521149507
20250415_A,850,0.01808945,0.521149507
20250415_A,950,0.017994492,0.521149507
20250415_A,1050,0.016855,0.521149507
20250415_A,1150,0.016570126,0.521149507
20250415_A,1250,0.020036084,0.521149507
20250415_A,1350,0.024973887,0.521149507
20250415_A,1450,0.034232267,0.521149507
20250415_A,1550,0.043063337,0.521149507
20250415_A,1650,0.050897351,0.521149507
20250415_A,1750,0.060013294,0.521149507
20250415_A,1850,0.064571266,0.521149507
20250415_A,1950,0.067657392,0.521149507
20250415_A,2050,0.068227139,0.521149507
20250415_A,2150,0.067277561,0.521149507
20250415_A,2250,0.066043111,0.521149507
20250415_A,2350,0.056689773,0.521149507
20250415_A,2450,0.055170449,0.521149507
20250415_A,2550,0.044535182,0.521149507
20250415_A,2650,0.037698224,0.521149507
20250415_A,2750,0.0328079,0.521149507
20250415_A,2850,0.024973887,0.521149507
20250415_A,2950,0.02060583,0.521149507
20250415_A,3050,0.014338619,0.521149507
20250415_A,3150,0.011537366,0.521149507
20250415_A,3250,0.009590732,0.521149507
20250415_A,3350,0.005792422,0.521149507
20250415_A,3450,0.004652929,0.521149507
20250416_A,550,0.010561977,0.54117278
20250416_A,650,0.014149063,0.54117278
20250416_A,750,0.01879899,0.54117278
20250416_A,850,0.021190381,0.54117278
20250416_A,950,0.028430982,0.54117278
20250416_A,1050,0.032150923,0.54117278
20250416_A,1150,0.03680085,0.54117278
20250416_A,1250,0.040852929,0.54117278
20250416_A,1350,0.045967849,0.54117278
20250416_A,1450,0.048691378,0.54117278
20250416_A,1550,0.054138435,0.54117278
20250416_A,1650,0.04915637,0.54117278
20250416_A,1750,0.057127674,0.54117278
20250416_A,1850,0.060382623,0.54117278
20250416_A,1950,0.055267703,0.54117278
20250416_A,2050,0.05506842,0.54117278
20250416_A,2150,0.055732696,0.54117278
20250416_A,2250,0.048691378,0.54117278
20250416_A,2350,0.041251495,0.54117278
20250416_A,2450,0.040122227,0.54117278
20250416_A,2550,0.034675169,0.54117278
20250416_A,2650,0.031685931,0.54117278
20250416_A,2750,0.027301714,0.54117278
20250416_A,2850,0.023050352,0.54117278
20250416_A,2950,0.01773615,0.54117278
20250416_A,3050,0.015477614,0.54117278
20250416_A,3150,0.012421948,0.54117278
20250416_A,3250,0.009565564,0.54117278
20250416_A,3350,0.007506311,0.54117278
20250416_A,3450,0.006044905,0.54117278
20250417_A,550,0.00821407,0.317662905
20250417_A,650,0.009423503,0.317662905
20250417_A,750,0.014210845,0.317662905
20250417_A,850,0.020258012,0.317662905
20250417_A,950,0.023886313,0.317662905
20250417_A,1050,0.026809111,0.317662905
20250417_A,1150,0.03517436,0.317662905
20250417_A,1250,0.038802661,0.317662905
20250417_A,1350,0.042481355,0.317662905
20250417_A,1450,0.049284418,0.317662905
20250417_A,1550,0.051854465,0.317662905
20250417_A,1650,0.055079621,0.317662905
20250417_A,1750,0.056238662,0.317662905
20250417_A,1850,0.055936303,0.317662905
20250417_A,1950,0.055331586,0.317662905
20250417_A,2050,0.055079621,0.317662905
20250417_A,2150,0.054374118,0.317662905
20250417_A,2250,0.05145132,0.317662905
20250417_A,2350,0.04716791,0.317662905
20250417_A,2450,0.046109655,0.317662905
20250417_A,2550,0.038248337,0.317662905
20250417_A,2650,0.031697238,0.317662905
20250417_A,2750,0.029731909,0.317662905
20250417_A,2850,0.024037492,0.317662905
20250417_A,2950,0.020258012,0.317662905
20250417_A,3050,0.018343076,0.317662905
20250417_A,3150,0.014563596,0.317662905
20250417_A,3250,0.010935295,0.317662905
20250417_A,3350,0.008516428,0.317662905
20250417_A,3450,0.006500706,0.317662905
20250418_A,550,0.004887454,0.279739219
20250418_A,650,0.007981347,0.279739219
20250418_A,750,0.011792664,0.279739219
20250418_A,850,0.018025289,0.279739219
20250418_A,950,0.022823065,0.279739219
20250418_A,1050,0.029235046,0.279739219
20250418_A,1150,0.02905569,0.279739219
20250418_A,1250,0.034346695,0.279739219
20250418_A,1350,0.044614833,0.279739219
20250418_A,1450,0.047753565,0.279739219
20250418_A,1550,0.051026814,0.279739219
20250418_A,1650,0.051968433,0.279739219
20250418_A,1750,0.06044301,0.279739219
20250418_A,1850,0.062012376,0.279739219
20250418_A,1950,0.063402385,0.279739219
20250418_A,2050,0.061160434,0.279739219
20250418_A,2150,0.059994619,0.279739219
20250418_A,2250,0.055107165,0.279739219
20250418_A,2350,0.049681643,0.279739219
20250418_A,2450,0.043090306,0.279739219
20250418_A,2550,0.038965115,0.279739219
20250418_A,2650,0.031880549,0.279739219
20250418_A,2750,0.028248588,0.279739219
20250418_A,2850,0.022733387,0.279739219
20250418_A,2950,0.016455923,0.279739219
20250418_A,3050,0.014572684,0.279739219
20250418_A,3150,0.012510089,0.279739219
20250418_A,3250,0.010043942,0.279739219
20250418_A,3350,0.009012645,0.279739219
20250418_A,3450,0.007174244,0.279739219
20250419_A,550,0.004169976,0.117251262
20250419_A,650,0.008737093,0.117251262
20250419_A,750,0.013105639,0.117251262
20250419_A,850,0.018347895,0.117251262
20250419_A,950,0.022637014,0.117251262
20250419_A,1050,0.029467832,0.117251262
20250419_A,1150,0.033320095,0.117251262
20250419_A,1250,0.038204925,0.117251262
20250419_A,1350,0.046584591,0.117251262
20250419_A,1450,0.049880858,0.117251262
20250419_A,1550,0.055003971,0.117251262
20250419_A,1650,0.058498809,0.117251262
20250419_A,1750,0.06096108,0.117251262
20250419_A,1850,0.064058777,0.117251262
20250419_A,1950,0.066957903,0.117251262
20250419_A,2050,0.065647339,0.117251262
20250419_A,2150,0.064694202,0.117251262
20250419_A,2250,0.053256553,0.117251262
20250419_A,2350,0.047140588,0.117251262
20250419_A,2450,0.042732327,0.117251262
20250419_A,2550,0.033677522,0.117251262
20250419_A,2650,0.027640985,0.117251262
20250419_A,2750,0.022478157,0.117251262
20250419_A,2850,0.017871326,0.117251262
20250419_A,2950,0.015011914,0.117251262
20250419_A,3050,0.010722796,0.117251262
20250419_A,3150,0.010166799,0.117251262
20250419_A,3250,0.007148531,0.117251262
20250419_A,3350,0.006115965,0.117251262
20250419_A,3450,0.005758539,0.117251262
20250420_A,550,0.005451067,0.08754315
20250420_A,650,0.00812245,0.08754315
20250420_A,750,0.013717916,0.08754315
20250420_A,850,0.020143677,0.08754315
20250420_A,950,0.026352839,0.08754315
20250420_A,1050,0.030829212,0.08754315
20250420_A,1150,0.035269485,0.08754315
20250420_A,1250,0.038085268,0.08754315
20250420_A,1350,0.043247536,0.08754315
20250420_A,1450,0.045016425,0.08754315
20250420_A,1550,0.046857514,0.08754315
20250420_A,1650,0.050647991,0.08754315
20250420_A,1750,0.05732645,0.08754315
20250420_A,1850,0.062416519,0.08754315
20250420_A,1950,0.06230822,0.08754315
20250420_A,2050,0.064835205,0.08754315
20250420_A,2150,0.063463413,0.08754315
20250420_A,2250,0.061369626,0.08754315
20250420_A,2350,0.056026858,0.08754315
20250420_A,2450,0.048554204,0.08754315
20250420_A,2550,0.039818057,0.08754315
20250420_A,2650,0.035594383,0.08754315
20250420_A,2750,0.023067759,0.08754315
20250420_A,2850,0.0163893,0.08754315
20250420_A,2950,0.013645717,0.08754315
20250420_A,3050,0.009458142,0.08754315
20250420_A,3150,0.007364355,0.08754315
20250420_A,3250,0.005992563,0.08754315
20250420_A,3350,0.004729071,0.08754315
20250420_A,3450,0.003898776,0.08754315
20250421_A,550,0.003242846,0.178089091
20250421_A,650,0.005382455,0.178089091
20250421_A,750,0.008090399,0.178089091
20250421_A,850,0.012770794,0.178089091
20250421_A,950,0.01721717,0.178089091
20250421_A,1050,0.019991976,0.178089091
20250421_A,1150,0.025073549,0.178089091
20250421_A,1250,0.028583846,0.178089091
20250421_A,1350,0.032194437,0.178089091
20250421_A,1450,0.036039048,0.178089091
20250421_A,1550,0.043293661,0.178089091
20250421_A,1650,0.044396898,0.178089091
20250421_A,1750,0.049979941,0.178089091
20250421_A,1850,0.05593073,0.178089091
20250421_A,1950,0.057903183,0.178089091
20250421_A,2050,0.064154854,0.178089091
20250421_A,2150,0.067263974,0.178089091
20250421_A,2250,0.07050682,0.178089091
20250421_A,2350,0.065659267,0.178089091
20250421_A,2450,0.060611126,0.178089091
20250421_A,2550,0.052955336,0.178089091
20250421_A,2650,0.04613533,0.178089091
20250421_A,2750,0.034935812,0.178089091
20250421_A,2850,0.028149238,0.178089091
20250421_A,2950,0.019757957,0.178089091
20250421_A,3050,0.015512169,0.178089091
20250421_A,3150,0.012536775,0.178089091
20250421_A,3250,0.008491575,0.178089091
20250421_A,3350,0.007120888,0.178089091
20250421_A,3450,0.006117946,0.178089091
20250422_,550,0.001397667,0.855116509
20250422_,650,0.002187652,0.855116509
20250422_,750,0.003099174,0.855116509
20250422_,850,0.004739912,0.855116509
20250422_,950,0.008446767,0.855116509
20250422_,1050,0.011424404,0.855116509
20250422_,1150,0.026434127,0.855116509
20250422_,1250,0.046366067,0.855116509
20250422_,1350,0.071827905,0.855116509
20250422_,1450,0.097897423,0.855116509
20250422_,1550,0.103366553,0.855116509
20250422_,1650,0.10506806,0.855116509
20250422_,1750,0.099052018,0.855116509
20250422_,1850,0.090058337,0.855116509
20250422_,1950,0.074137093,0.855116509
20250422_,2050,0.056757414,0.855116509
20250422_,2150,0.04788527,0.855116509
20250422_,2250,0.036764706,0.855116509
20250422_,2350,0.02698104,0.855116509
20250422_,2450,0.018291201,0.855116509
20250422_,2550,0.01671123,0.855116509
20250422_,2650,0.013855129,0.855116509
20250422_,2750,0.008385999,0.855116509
20250422_,2850,0.007839086,0.855116509
20250422_,2950,0.006259115,0.855116509
20250422_,3050,0.004071463,0.855116509
20250422_,3150,0.003889159,0.855116509
20250422_,3250,0.00352455,0.855116509
20250422_,3350,0.001579971,0.855116509
20250422_,3450,0.001701507,0.855116509
20250423 5PM_#1,550,0.004410838,0.855116509
20250423 5PM_#1,650,0.009451796,0.855116509
20250423 5PM_#1,750,0.016663166,0.855116509
20250423 5PM_#1,850,0.023664496,0.855116509
20250423 5PM_#1,950,0.027235175,0.855116509
20250423 5PM_#1,1050,0.039277463,0.855116509
20250423 5PM_#1,1150,0.063572079,0.855116509
20250423 5PM_#1,1250,0.084856123,0.855116509
20250423 5PM_#1,1350,0.109010712,0.855116509
20250423 5PM_#1,1450,0.111951271,0.855116509
20250423 5PM_#1,1550,0.110551005,0.855116509
20250423 5PM_#1,1650,0.095988238,0.855116509
20250423 5PM_#1,1750,0.080725338,0.855116509
20250423 5PM_#1,1850,0.063292025,0.855116509
20250423 5PM_#1,1950,0.049009312,0.855116509
20250423 5PM_#1,2050,0.033676399,0.855116509
20250423 5PM_#1,2150,0.021774137,0.855116509
20250423 5PM_#1,2250,0.01505286,0.855116509
20250423 5PM_#1,2350,0.010011902,0.855116509
20250423 5PM_#1,2450,0.006861304,0.855116509
20250423 5PM_#1,2550,0.005741091,0.855116509
20250423 5PM_#1,2650,0.004270811,0.855116509
20250423 5PM_#1,2750,0.003360639,0.855116509
20250423 5PM_#1,2850,0.002590492,0.855116509
20250423 5PM_#1,2950,0.002730519,0.855116509
20250423 5PM_#1,3050,0.001610306,0.855116509
20250423 5PM_#1,3150,0.000980186,0.855116509
20250423 5PM_#1,3250,0.00084016,0.855116509
20250423 5PM_#1,3350,0.000350067,0.855116509
20250423 5PM_#1,3450,0.000490093,0.855116509
20250423 5PM_#2,550,0.007295142,0.918090912
20250423 5PM_#2,650,0.016739241,0.918090912
20250423 5PM_#2,750,0.027257818,0.918090912
20250423 5PM_#2,850,0.038511565,0.918090912
20250423 5PM_#2,950,0.055590115,0.918090912
20250423 5PM_#2,1050,0.074478313,0.918090912
20250423 5PM_#2,1150,0.095515467,0.918090912
20250423 5PM_#2,1250,0.115817452,0.918090912
20250423 5PM_#2,1350,0.115534694,0.918090912
20250423 5PM_#2,1450,0.103941639,0.918090912
20250423 5PM_#2,1550,0.086241022,0.918090912
20250423 5PM_#2,1650,0.070293502,0.918090912
20250423 5PM_#2,1750,0.055872872,0.918090912
20250423 5PM_#2,1850,0.040095007,0.918090912
20250423 5PM_#2,1950,0.026748855,0.918090912
20250423 5PM_#2,2050,0.019962676,0.918090912
20250423 5PM_#2,2150,0.013346152,0.918090912
20250423 5PM_#2,2250,0.007634451,0.918090912
20250423 5PM_#2,2350,0.006503421,0.918090912
20250423 5PM_#2,2450,0.005485495,0.918090912
20250423 5PM_#2,2550,0.003732398,0.918090912
20250423 5PM_#2,2650,0.003958604,0.918090912
20250423 5PM_#2,2750,0.002771023,0.918090912
20250423 5PM_#2,2850,0.001639993,0.918090912
20250423 5PM_#2,2950,0.001413787,0.918090912
20250423 5PM_#2,3050,0.000904824,0.918090912
20250423 5PM_#2,3150,0.000848272,0.918090912
20250423 5PM_#2,3250,0.000735169,0.918090912
20250423 5PM_#2,3350,0.000735169,0.918090912
20250423 5PM_#2,3450,0.00039586,0.918090912
20250423 5PM_#3,550,0.003012237,0.923953605
20250423 5PM_#3,650,0.00545968,0.923953605
20250423 5PM_#3,750,0.010605585,0.923953605
20250423 5PM_#3,850,0.014370882,0.923953605
20250423 5PM_#3,950,0.020269846,0.923953605
20250423 5PM_#3,1050,0.036711641,0.923953605
20250423 5PM_#3,1150,0.066143709,0.923953605
20250423 5PM_#3,1250,0.095073737,0.923953605
20250423 5PM_#3,1350,0.10844054,0.923953605
20250423 5PM_#3,1450,0.116284907,0.923953605
20250423 5PM_#3,1550,0.114339504,0.923953605
20250423 5PM_#3,1650,0.100156887,0.923953605
20250423 5PM_#3,1750,0.083338563,0.923953605
20250423 5PM_#3,1850,0.067838092,0.923953605
20250423 5PM_#3,1950,0.042422341,0.923953605
20250423 5PM_#3,2050,0.034201443,0.923953605
20250423 5PM_#3,2150,0.020520866,0.923953605
20250423 5PM_#3,2250,0.015688735,0.923953605
20250423 5PM_#3,2350,0.01054283,0.923953605
20250423 5PM_#3,2450,0.006652024,0.923953605
20250423 5PM_#3,2550,0.00558519,0.923953605
20250423 5PM_#3,2650,0.005145905,0.923953605
20250423 5PM_#3,2750,0.003012237,0.923953605
20250423 5PM_#3,2850,0.003012237,0.923953605
20250423 5PM_#3,2950,0.002635708,0.923953605
20250423 5PM_#3,3050,0.002259178,0.923953605
20250423 5PM_#3,3150,0.001694383,0.923953605
20250423 5PM_#3,3250,0.001694383,0.923953605
20250423 5PM_#3,3350,0.001568874,0.923953605
20250423 5PM_#3,3450,0.001317854,0.923953605
20250423 5PM_#4,550,0.004178107,0.88013075
20250423 5PM_#4,650,0.006804345,0.88013075
20250423 5PM_#4,750,0.014205563,0.88013075
20250423 5PM_#4,850,0.018503044,0.88013075
20250423 5PM_#4,950,0.027038319,0.88013075
20250423 5PM_#4,1050,0.042258565,0.88013075
20250423 5PM_#4,1150,0.064163782,0.88013075
20250423 5PM_#4,1250,0.089590546,0.88013075
20250423 5PM_#4,1350,0.110122956,0.88013075
20250423 5PM_#4,1450,0.116390116,0.88013075
20250423 5PM_#4,1550,0.108809836,0.88013075
20250423 5PM_#4,1650,0.090306792,0.88013075
20250423 5PM_#4,1750,0.077533723,0.88013075
20250423 5PM_#4,1850,0.060821296,0.88013075
20250423 5PM_#4,1950,0.046018861,0.88013075
20250423 5PM_#4,2050,0.029843619,0.88013075
20250423 5PM_#4,2150,0.023636147,0.88013075
20250423 5PM_#4,2250,0.016354303,0.88013075
20250423 5PM_#4,2350,0.012235884,0.88013075
20250423 5PM_#4,2450,0.008057777,0.88013075
20250423 5PM_#4,2550,0.007281843,0.88013075
20250423 5PM_#4,2650,0.005013728,0.88013075
20250423 5PM_#4,2750,0.003521547,0.88013075
20250423 5PM_#4,2850,0.003521547,0.88013075
20250423 5PM_#4,2950,0.002566551,0.88013075
20250423 5PM_#4,3050,0.003282798,0.88013075
20250423 5PM_#4,3150,0.002626239,0.88013075
20250423 5PM_#4,3250,0.001969679,0.88013075
20250423 5PM_#4,3350,0.001611555,0.88013075
20250423 5PM_#4,3450,0.00173093,0.88013075
20250424 5PM_#1,550,0.005808235,0.824825005
20250424 5PM_#1,650,0.010164411,0.824825005
20250424 5PM_#1,750,0.015223195,0.824825005
20250424 5PM_#1,850,0.020750386,0.824825005
20250424 5PM_#1,950,0.028432245,0.824825005
20250424 5PM_#1,1050,0.041781816,0.824825005
20250424 5PM_#1,1150,0.058738114,0.824825005
20250424 5PM_#1,1250,0.089652911,0.824825005
20250424 5PM_#1,1350,0.108482833,0.824825005
20250424 5PM_#1,1450,0.119771418,0.824825005
20250424 5PM_#1,1550,0.117101504,0.824825005
20250424 5PM_#1,1650,0.101690946,0.824825005
20250424 5PM_#1,1750,0.081971053,0.824825005
20250424 5PM_#1,1850,0.065530001,0.824825005
20250424 5PM_#1,1950,0.046465877,0.824825005
20250424 5PM_#1,2050,0.032273174,0.824825005
20250424 5PM_#1,2150,0.020469343,0.824825005
20250424 5PM_#1,2250,0.013817977,0.824825005
20250424 5PM_#1,2350,0.008103424,0.824825005
20250424 5PM_#1,2450,0.00388777,0.824825005
20250424 5PM_#1,2550,0.003044639,0.824825005
20250424 5PM_#1,2650,0.001826783,0.824825005
20250424 5PM_#1,2750,0.001498899,0.824825005
20250424 5PM_#1,2850,0.000936812,0.824825005
20250424 5PM_#1,2950,0.00074945,0.824825005
20250424 5PM_#1,3050,0.000562087,0.824825005
20250424 5PM_#1,3150,0.000655768,0.824825005
20250424 5PM_#1,3250,0.000374725,0.824825005
20250424 5PM_#1,3350,0.000140522,0.824825005
20250424 5PM_#1,3450,9.37E-05,0.824825005
20250424 5PM_#2,550,0.00622665,0.779258872
20250424 5PM_#2,650,0.008518057,0.779258872
20250424 5PM_#2,750,0.016587796,0.779258872
20250424 5PM_#2,850,0.020672478,0.779258872
20250424 5PM_#2,950,0.032478207,0.779258872
20250424 5PM_#2,1050,0.045579078,0.779258872
20250424 5PM_#2,1150,0.066849315,0.779258872
20250424 5PM_#2,1250,0.091755915,0.779258872
20250424 5PM_#2,1350,0.112229141,0.779258872
20250424 5PM_#2,1450,0.115666252,0.779258872
20250424 5PM_#2,1550,0.110336239,0.779258872
20250424 5PM_#2,1650,0.095292653,0.779258872
20250424 5PM_#2,1750,0.080547945,0.779258872
20250424 5PM_#2,1850,0.061120797,0.779258872
20250424 5PM_#2,1950,0.043287671,0.779258872
20250424 5PM_#2,2050,0.031332503,0.779258872
20250424 5PM_#2,2150,0.021917808,0.779258872
20250424 5PM_#2,2250,0.01369863,0.779258872
20250424 5PM_#2,2350,0.006774595,0.779258872
20250424 5PM_#2,2450,0.005031133,0.779258872
20250424 5PM_#2,2550,0.004333748,0.779258872
20250424 5PM_#2,2650,0.003237858,0.779258872
20250424 5PM_#2,2750,0.00124533,0.779258872
20250424 5PM_#2,2850,0.001544209,0.779258872
20250424 5PM_#2,2950,0.00124533,0.779258872
20250424 5PM_#2,3050,0.000896638,0.779258872
20250424 5PM_#2,3150,0.000498132,0.779258872
20250424 5PM_#2,3250,0.000398506,0.779258872
20250424 5PM_#2,3350,0.000498132,0.779258872
20250424 5PM_#2,3450,0.000199253,0.779258872
20250424 5PM_#3,550,0.011198352,0.999733408
20250424 5PM_#3,650,0.019693654,0.999733408
20250424 5PM_#3,750,0.031878835,0.999733408
20250424 5PM_#3,850,0.043935298,0.999733408
20250424 5PM_#3,950,0.054318445,0.999733408
20250424 5PM_#3,1050,0.068176943,0.999733408
20250424 5PM_#3,1150,0.081906723,0.999733408
20250424 5PM_#3,1250,0.089758442,0.999733408
20250424 5PM_#3,1350,0.100356116,0.999733408
20250424 5PM_#3,1450,0.096365899,0.999733408
20250424 5PM_#3,1550,0.090573647,0.999733408
20250424 5PM_#3,1650,0.074956022,0.999733408
20250424 5PM_#3,1750,0.064100914,0.999733408
20250424 5PM_#3,1850,0.05204445,0.999733408
20250424 5PM_#3,1950,0.034710602,0.999733408
20250424 5PM_#3,2050,0.024541983,0.999733408
20250424 5PM_#3,2150,0.017634187,0.999733408
20250424 5PM_#3,2250,0.013043292,0.999733408
20250424 5PM_#3,2350,0.009567941,0.999733408
20250424 5PM_#3,2450,0.00647874,0.999733408
20250424 5PM_#3,2550,0.004247651,0.999733408
20250424 5PM_#3,2650,0.002831767,0.999733408
20250424 5PM_#3,2750,0.002660145,0.999733408
20250424 5PM_#3,2850,0.001673317,0.999733408
20250424 5PM_#3,2950,0.00115845,0.999733408
20250424 5PM_#3,3050,0.000858111,0.999733408
20250424 5PM_#3,3150,0.000557772,0.999733408
20250424 5PM_#3,3250,0.000429056,0.999733408
20250424 5PM_#3,3350,0.000214528,0.999733408
20250424 5PM_#3,3450,0.000128717,0.999733408
20250424 5PM_#4,550,0.010642738,1.009484509
20250424 5PM_#4,650,0.01769616,1.009484509
20250424 5PM_#4,750,0.03230384,1.009484509
20250424 5PM_#4,850,0.042278798,1.009484509
20250424 5PM_#4,950,0.049833055,1.009484509
20250424 5PM_#4,1050,0.065859766,1.009484509
20250424 5PM_#4,1150,0.07654424,1.009484509
20250424 5PM_#4,1250,0.094115192,1.009484509
20250424 5PM_#4,1350,0.098622705,1.009484509
20250424 5PM_#4,1450,0.095784641,1.009484509
20250424 5PM_#4,1550,0.089774624,1.009484509
20250424 5PM_#4,1650,0.078005008,1.009484509
20250424 5PM_#4,1750,0.066652755,1.009484509
20250424 5PM_#4,1850,0.053005008,1.009484509
20250424 5PM_#4,1950,0.040692821,1.009484509
20250424 5PM_#4,2050,0.029674457,1.009484509
20250424 5PM_#4,2150,0.01869783,1.009484509
20250424 5PM_#4,2250,0.012562604,1.009484509
20250424 5PM_#4,2350,0.007888147,1.009484509
20250424 5PM_#4,2450,0.006260434,1.009484509
20250424 5PM_#4,2550,0.004215359,1.009484509
20250424 5PM_#4,2650,0.002295492,1.009484509
20250424 5PM_#4,2750,0.002045075,1.009484509
20250424 5PM_#4,2850,0.001377295,1.009484509
20250424 5PM_#4,2950,0.001126878,1.009484509
20250424 5PM_#4,3050,0.000751252,1.009484509
20250424 5PM_#4,3150,0.000584307,1.009484509
20250424 5PM_#4,3250,0.00033389,1.009484509
20250424 5PM_#4,3350,0.000250417,1.009484509
20250424 5PM_#4,3450,0.000125209,1.009484509
20250425 5PM_#1,550,0.005773595,0.531391901
20250425 5PM_#1,650,0.007675878,0.531391901
20250425 5PM_#1,750,0.009344547,0.531391901
20250425 5PM_#1,850,0.011947671,0.531391901
20250425 5PM_#1,950,0.016519824,0.531391901
20250425 5PM_#1,1050,0.021859565,0.531391901
20250425 5PM_#1,1150,0.038312642,0.531391901
20250425 5PM_#1,1250,0.064777733,0.531391901
20250425 5PM_#1,1350,0.086670671,0.531391901
20250425 5PM_#1,1450,0.109030837,0.531391901
20250425 5PM_#1,1550,0.115305033,0.531391901
20250425 5PM_#1,1650,0.107662528,0.531391901
20250425 5PM_#1,1750,0.101087972,0.531391901
20250425 5PM_#1,1850,0.091209451,0.531391901
20250425 5PM_#1,1950,0.070351088,0.531391901
20250425 5PM_#1,2050,0.052329462,0.531391901
20250425 5PM_#1,2150,0.036844213,0.531391901
20250425 5PM_#1,2250,0.022727273,0.531391901
20250425 5PM_#1,2350,0.013482846,0.531391901
20250425 5PM_#1,2450,0.007242024,0.531391901
20250425 5PM_#1,2550,0.004672273,0.531391901
20250425 5PM_#1,2650,0.001768789,0.531391901
20250425 5PM_#1,2750,0.001034575,0.531391901
20250425 5PM_#1,2850,0.000800961,0.531391901
20250425 5PM_#1,2950,0.000567347,0.531391901
20250425 5PM_#1,3050,0.00020024,0.531391901
20250425 5PM_#1,3150,0.000467227,0.531391901
20250425 5PM_#1,3250,0.000166867,0.531391901
20250425 5PM_#1,3350,6.67E-05,0.531391901
20250425 5PM_#1,3450,0.00010012,0.531391901
20250425 5PM_#2,550,0.005043103,0.52067792
20250425 5PM_#2,650,0.005732759,0.52067792
20250425 5PM_#2,750,0.007931034,0.52067792
20250425 5PM_#2,850,0.009008621,0.52067792
20250425 5PM_#2,950,0.012025862,0.52067792
20250425 5PM_#2,1050,0.021034483,0.52067792
20250425 5PM_#2,1150,0.034353448,0.52067792
20250425 5PM_#2,1250,0.05375,0.52067792
20250425 5PM_#2,1350,0.080646552,0.52067792
20250425 5PM_#2,1450,0.096681034,0.52067792
20250425 5PM_#2,1550,0.107887931,0.52067792
20250425 5PM_#2,1650,0.111724138,0.52067792
20250425 5PM_#2,1750,0.102155172,0.52067792
20250425 5PM_#2,1850,0.095991379,0.52067792
20250425 5PM_#2,1950,0.078577586,0.52067792
20250425 5PM_#2,2050,0.060732759,0.52067792
20250425 5PM_#2,2150,0.043577586,0.52067792
20250425 5PM_#2,2250,0.028793103,0.52067792
20250425 5PM_#2,2350,0.01875,0.52067792
20250425 5PM_#2,2450,0.010560345,0.52067792
20250425 5PM_#2,2550,0.006163793,0.52067792
20250425 5PM_#2,2650,0.003017241,0.52067792
20250425 5PM_#2,2750,0.001853448,0.52067792
20250425 5PM_#2,2850,0.00125,0.52067792
20250425 5PM_#2,2950,0.000862069,0.52067792
20250425 5PM_#2,3050,0.000775862,0.52067792
20250425 5PM_#2,3150,0.000387931,0.52067792
20250425 5PM_#2,3250,0.000301724,0.52067792
20250425 5PM_#2,3350,0.000172414,0.52067792
20250425 5PM_#2,3450,0.000258621,0.52067792
20250425 5PM_#3,550,0.005793055,0.577118224
20250425 5PM_#3,650,0.0084104,0.577118224
20250425 5PM_#3,750,0.012667946,0.577118224
20250425 5PM_#3,850,0.016192637,0.577118224
20250425 5PM_#3,950,0.018286512,0.577118224
20250425 5PM_#3,1050,0.021392427,0.577118224
20250425 5PM_#3,1150,0.030291398,0.577118224
20250425 5PM_#3,1250,0.04100506,0.577118224
20250425 5PM_#3,1350,0.058000349,0.577118224
20250425 5PM_#3,1450,0.068504624,0.577118224
20250425 5PM_#3,1550,0.076217065,0.577118224
20250425 5PM_#3,1650,0.083755017,0.577118224
20250425 5PM_#3,1750,0.085744198,0.577118224
20250425 5PM_#3,1850,0.087349503,0.577118224
20250425 5PM_#3,1950,0.084836852,0.577118224
20250425 5PM_#3,2050,0.071889723,0.577118224
20250425 5PM_#3,2150,0.058768103,0.577118224
20250425 5PM_#3,2250,0.048089339,0.577118224
20250425 5PM_#3,2350,0.036189147,0.577118224
20250425 5PM_#3,2450,0.027988135,0.577118224
20250425 5PM_#3,2550,0.01933345,0.577118224
20250425 5PM_#3,2650,0.013331007,0.577118224
20250425 5PM_#3,2750,0.008689583,0.577118224
20250425 5PM_#3,2850,0.006770197,0.577118224
20250425 5PM_#3,2950,0.003978363,0.577118224
20250425 5PM_#3,3050,0.00268714,0.577118224
20250425 5PM_#3,3150,0.001779794,0.577118224
20250425 5PM_#3,3250,0.001116734,0.577118224
20250425 5PM_#3,3350,0.000453673,0.577118224
20250425 5PM_#3,3450,0.000488571,0.577118224
20250425 5PM_#4,550,0.00596284,0.60767545
20250425 5PM_#4,650,0.010456575,0.60767545
20250425 5PM_#4,750,0.01437419,0.60767545
20250425 5PM_#4,850,0.019155984,0.60767545
20250425 5PM_#4,950,0.021172404,0.60767545
20250425 5PM_#4,1050,0.024917183,0.60767545
20250425 5PM_#4,1150,0.034336742,0.60767545
20250425 5PM_#4,1250,0.045254213,0.60767545
20250425 5PM_#4,1350,0.060002881,0.60767545
20250425 5PM_#4,1450,0.071410053,0.60767545
20250425 5PM_#4,1550,0.084545585,0.60767545
20250425 5PM_#4,1650,0.087080513,0.60767545
20250425 5PM_#4,1750,0.089788276,0.60767545
20250425 5PM_#4,1850,0.084055884,0.60767545
20250425 5PM_#4,1950,0.0759614,0.60767545
20250425 5PM_#4,2050,0.065648855,0.60767545
20250425 5PM_#4,2150,0.05504825,0.60767545
20250425 5PM_#4,2250,0.044130779,0.60767545
20250425 5PM_#4,2350,0.034826444,0.60767545
20250425 5PM_#4,2450,0.024801959,0.60767545
20250425 5PM_#4,2550,0.016966729,0.60767545
20250425 5PM_#4,2650,0.011666427,0.60767545
20250425 5PM_#4,2750,0.00711508,0.60767545
20250425 5PM_#4,2850,0.004695377,0.60767545
20250425 5PM_#4,2950,0.002448509,0.60767545
20250425 5PM_#4,3050,0.001785971,0.60767545
20250425 5PM_#4,3150,0.000921792,0.60767545
20250425 5PM_#4,3250,0.000604926,0.60767545
20250425 5PM_#4,3350,0.000460896,0.60767545
20250425 5PM_#4,3450,0.000403284,0.60767545
20250426 5PM_#1,550,0.010759724,0.33155285
20250426 5PM_#1,650,0.013231552,0.33155285
20250426 5PM_#1,750,0.016648491,0.33155285
20250426 5PM_#1,850,0.020610687,0.33155285
20250426 5PM_#1,950,0.023918575,0.33155285
20250426 5PM_#1,1050,0.03220647,0.33155285
20250426 5PM_#1,1150,0.042748092,0.33155285
20250426 5PM_#1,1250,0.050272628,0.33155285
20250426 5PM_#1,1350,0.064776445,0.33155285
20250426 5PM_#1,1450,0.080916031,0.33155285
20250426 5PM_#1,1550,0.089967285,0.33155285
20250426 5PM_#1,1650,0.092511814,0.33155285
20250426 5PM_#1,1750,0.093166121,0.33155285
20250426 5PM_#1,1850,0.087168302,0.33155285
20250426 5PM_#1,1950,0.077935296,0.33155285
20250426 5PM_#1,2050,0.062086514,0.33155285
20250426 5PM_#1,2150,0.048564158,0.33155285
20250426 5PM_#1,2250,0.035696111,0.33155285
20250426 5PM_#1,2350,0.023082515,0.33155285
20250426 5PM_#1,2450,0.013486005,0.33155285
20250426 5PM_#1,2550,0.008287895,0.33155285
20250426 5PM_#1,2650,0.004616503,0.33155285
20250426 5PM_#1,2750,0.003017085,0.33155285
20250426 5PM_#1,2850,0.001417666,0.33155285
20250426 5PM_#1,2950,0.001017812,0.33155285
20250426 5PM_#1,3050,0.000690658,0.33155285
20250426 5PM_#1,3150,0.000399855,0.33155285
20250426 5PM_#1,3250,0.000254453,0.33155285
20250426 5PM_#1,3350,0.000363504,0.33155285
20250426 5PM_#1,3450,0.000181752,0.33155285
20250426 5PM_#3,550,0.005649024,0.452367423
20250426 5PM_#3,650,0.010397478,0.452367423
20250426 5PM_#3,750,0.01322199,0.452367423
20250426 5PM_#3,850,0.01760203,0.452367423
20250426 5PM_#3,950,0.022023005,0.452367423
20250426 5PM_#3,1050,0.025256867,0.452367423
20250426 5PM_#3,1150,0.030578411,0.452367423
20250426 5PM_#3,1250,0.033034508,0.452367423
20250426 5PM_#3,1350,0.043841336,0.452367423
20250426 5PM_#3,1450,0.053338246,0.452367423
20250426 5PM_#3,1550,0.061934586,0.452367423
20250426 5PM_#3,1650,0.076916779,0.452367423
20250426 5PM_#3,1750,0.081460559,0.452367423
20250426 5PM_#3,1850,0.082238323,0.452367423
20250426 5PM_#3,1950,0.077039584,0.452367423
20250426 5PM_#3,2050,0.073641983,0.452367423
20250426 5PM_#3,2150,0.063817594,0.452367423
20250426 5PM_#3,2250,0.053092636,0.452367423
20250426 5PM_#3,2350,0.043145442,0.452367423
20250426 5PM_#3,2450,0.034917516,0.452367423
20250426 5PM_#3,2550,0.02685333,0.452367423
20250426 5PM_#3,2650,0.020099063,0.452367423
20250426 5PM_#3,2750,0.014531909,0.452367423
20250426 5PM_#3,2850,0.011502722,0.452367423
20250426 5PM_#3,2950,0.007204552,0.452367423
20250426 5PM_#3,3050,0.006385853,0.452367423
20250426 5PM_#3,3150,0.00454378,0.452367423
20250426 5PM_#3,3250,0.002087683,0.452367423
20250426 5PM_#3,3350,0.002128618,0.452367423
20250426 5PM_#3,3450,0.001514593,0.452367423
20250426 5PM_#4,550,0.004751346,0.452367423
20250426 5PM_#4,650,0.006810263,0.452367423
20250426 5PM_#4,750,0.009766656,0.452367423
20250426 5PM_#4,850,0.012511878,0.452367423
20250426 5PM_#4,950,0.016101784,0.452367423
20250426 5PM_#4,1050,0.019902861,0.452367423
20250426 5PM_#4,1150,0.020905923,0.452367423
20250426 5PM_#4,1250,0.025498891,0.452367423
20250426 5PM_#4,1350,0.03241474,0.452367423
20250426 5PM_#4,1450,0.040228065,0.452367423
20250426 5PM_#4,1550,0.050522648,0.452367423
20250426 5PM_#4,1650,0.066413262,0.452367423
20250426 5PM_#4,1750,0.077341358,0.452367423
20250426 5PM_#4,1850,0.074226586,0.452367423
20250426 5PM_#4,1950,0.079769824,0.452367423
20250426 5PM_#4,2050,0.080456129,0.452367423
20250426 5PM_#4,2150,0.071956499,0.452367423
20250426 5PM_#4,2250,0.065093443,0.452367423
20250426 5PM_#4,2350,0.054957238,0.452367423
20250426 5PM_#4,2450,0.047249498,0.452367423
20250426 5PM_#4,2550,0.038802661,0.452367423
20250426 5PM_#4,2650,0.030619787,0.452367423
20250426 5PM_#4,2750,0.022067364,0.452367423
20250426 5PM_#4,2850,0.015257101,0.452367423
20250426 5PM_#4,2950,0.011825573,0.452367423
20250426 5PM_#4,3050,0.009344314,0.452367423
20250426 5PM_#4,3150,0.006123957,0.452367423
20250426 5PM_#4,3250,0.004276212,0.452367423
20250426 5PM_#4,3350,0.003009186,0.452367423
20250426 5PM_#4,3450,0.001794953,0.452367423
20250427 5PM_#1,550,0.003903768,0.085297581
20250427 5PM_#1,650,0.004811621,0.085297581
20250427 5PM_#1,750,0.006627326,0.085297581
20250427 5PM_#1,850,0.008170676,0.085297581
20250427 5PM_#1,950,0.009623241,0.085297581
20250427 5PM_#1,1050,0.013345438,0.085297581
20250427 5PM_#1,1150,0.016749887,0.085297581
20250427 5PM_#1,1250,0.020880617,0.085297581
20250427 5PM_#1,1350,0.023740354,0.085297581
20250427 5PM_#1,1450,0.030776214,0.085297581
20250427 5PM_#1,1550,0.037176577,0.085297581
20250427 5PM_#1,1650,0.046935996,0.085297581
20250427 5PM_#1,1750,0.05197458,0.085297581
20250427 5PM_#1,1850,0.064049024,0.085297581
20250427 5PM_#1,1950,0.07135724,0.085297581
20250427 5PM_#1,2050,0.080299591,0.085297581
20250427 5PM_#1,2150,0.082342261,0.085297581
20250427 5PM_#1,2250,0.083340899,0.085297581
20250427 5PM_#1,2350,0.074126192,0.085297581
20250427 5PM_#1,2450,0.067317295,0.085297581
20250427 5PM_#1,2550,0.056967771,0.085297581
20250427 5PM_#1,2650,0.047389923,0.085297581
20250427 5PM_#1,2750,0.033681344,0.085297581
20250427 5PM_#1,2850,0.023649569,0.085297581
20250427 5PM_#1,2950,0.016205175,0.085297581
20250427 5PM_#1,3050,0.009577848,0.085297581
20250427 5PM_#1,3150,0.006718112,0.085297581
20250427 5PM_#1,3250,0.003994553,0.085297581
20250427 5PM_#1,3350,0.002496596,0.085297581
20250427 5PM_#1,3450,0.001770313,0.085297581
20250427 5PM_#3,550,0.005806477,0.089516598
20250427 5PM_#3,650,0.007014536,0.089516598
20250427 5PM_#3,750,0.008495382,0.089516598
20250427 5PM_#3,850,0.011885741,0.089516598
20250427 5PM_#3,950,0.014301859,0.089516598
20250427 5PM_#3,1050,0.017068703,0.089516598
20250427 5PM_#3,1150,0.020887728,0.089516598
20250427 5PM_#3,1250,0.024940571,0.089516598
20250427 5PM_#3,1350,0.027746386,0.089516598
20250427 5PM_#3,1450,0.032929348,0.089516598
20250427 5PM_#3,1550,0.036787343,0.089516598
20250427 5PM_#3,1650,0.044191575,0.089516598
20250427 5PM_#3,1750,0.049491446,0.089516598
20250427 5PM_#3,1850,0.059818401,0.089516598
20250427 5PM_#3,1950,0.065469,0.089516598
20250427 5PM_#3,2050,0.069560812,0.089516598
20250427 5PM_#3,2150,0.072288687,0.089516598
20250427 5PM_#3,2250,0.070067417,0.089516598
20250427 5PM_#3,2350,0.065819726,0.089516598
20250427 5PM_#3,2450,0.054635439,0.089516598
20250427 5PM_#3,2550,0.04910175,0.089516598
20250427 5PM_#3,2650,0.040567398,0.089516598
20250427 5PM_#3,2750,0.03378668,0.089516598
20250427 5PM_#3,2850,0.028252991,0.089516598
20250427 5PM_#3,2950,0.023031059,0.089516598
20250427 5PM_#3,3050,0.020653911,0.089516598
20250427 5PM_#3,3150,0.015431978,0.089516598
20250427 5PM_#3,3250,0.011573984,0.089516598
20250427 5PM_#3,3350,0.009586532,0.089516598
20250427 5PM_#3,3450,0.008807139,0.089516598
20250427 5PM_#4,550,0.004471924,0.136682987
20250427 5PM_#4,650,0.004744128,0.136682987
20250427 5PM_#4,750,0.007543942,0.136682987
20250427 5PM_#4,850,0.008982734,0.136682987
20250427 5PM_#4,950,0.01186032,0.136682987
20250427 5PM_#4,1050,0.013687976,0.136682987
20250427 5PM_#4,1150,0.016448903,0.136682987
20250427 5PM_#4,1250,0.01889874,0.136682987
20250427 5PM_#4,1350,0.023448437,0.136682987
20250427 5PM_#4,1450,0.029242495,0.136682987
20250427 5PM_#4,1550,0.032936693,0.136682987
20250427 5PM_#4,1650,0.041958314,0.136682987
20250427 5PM_#4,1750,0.051329911,0.136682987
20250427 5PM_#4,1850,0.059262716,0.136682987
20250427 5PM_#4,1950,0.061712552,0.136682987
20250427 5PM_#4,2050,0.065484523,0.136682987
20250427 5PM_#4,2150,0.066456681,0.136682987
20250427 5PM_#4,2250,0.061245917,0.136682987
20250427 5PM_#4,2350,0.059690465,0.136682987
20250427 5PM_#4,2450,0.052652045,0.136682987
20250427 5PM_#4,2550,0.051563229,0.136682987
20250427 5PM_#4,2650,0.044369264,0.136682987
20250427 5PM_#4,2750,0.043241562,0.136682987
20250427 5PM_#4,2850,0.037253072,0.136682987
20250427 5PM_#4,2950,0.035230985,0.136682987
20250427 5PM_#4,3050,0.026637113,0.136682987
20250427 5PM_#4,3150,0.024537253,0.136682987
20250427 5PM_#4,3250,0.018820967,0.136682987
20250427 5PM_#4,3350,0.014582361,0.136682987
20250427 5PM_#4,3450,0.011704775,0.136682987
20250428 9AM_#1,550,0.00482616,-0.071691928
20250428 9AM_#1,650,0.006500542,-0.071691928
20250428 9AM_#1,750,0.007189993,-0.071691928
20250428 9AM_#1,850,0.009455333,-0.071691928
20250428 9AM_#1,950,0.009947799,-0.071691928
20250428 9AM_#1,1050,0.015512656,-0.071691928
20250428 9AM_#1,1150,0.01546341,-0.071691928
20250428 9AM_#1,1250,0.017531764,-0.071691928
20250428 9AM_#1,1350,0.021569979,-0.071691928
20250428 9AM_#1,1450,0.024475524,-0.071691928
20250428 9AM_#1,1550,0.026790111,-0.071691928
20250428 9AM_#1,1650,0.031419285,-0.071691928
20250428 9AM_#1,1750,0.035802226,-0.071691928
20250428 9AM_#1,1850,0.038461538,-0.071691928
20250428 9AM_#1,1950,0.045750025,-0.071691928
20250428 9AM_#1,2050,0.05220132,-0.071691928
20250428 9AM_#1,2150,0.056535014,-0.071691928
20250428 9AM_#1,2250,0.060819462,-0.071691928
20250428 9AM_#1,2350,0.069683837,-0.071691928
20250428 9AM_#1,2450,0.069733084,-0.071691928
20250428 9AM_#1,2550,0.070767261,-0.071691928
20250428 9AM_#1,2650,0.06766473,-0.071691928
20250428 9AM_#1,2750,0.061607407,-0.071691928
20250428 9AM_#1,2850,0.054959125,-0.071691928
20250428 9AM_#1,2950,0.045011327,-0.071691928
20250428 9AM_#1,3050,0.030877573,-0.071691928
20250428 9AM_#1,3150,0.0212745,-0.071691928
20250428 9AM_#1,3250,0.014429233,-0.071691928
20250428 9AM_#1,3350,0.007928691,-0.071691928
20250428 9AM_#1,3450,0.00581109,-0.071691928
20250428 9AM_#3,550,0.006737497,0.036039936
20250428 9AM_#3,650,0.008995669,0.036039936
20250428 9AM_#3,750,0.011920187,0.036039936
20250428 9AM_#3,850,0.014844704,0.036039936
20250428 9AM_#3,950,0.017065857,0.036039936
20250428 9AM_#3,1050,0.017510088,0.036039936
20250428 9AM_#3,1150,0.020286529,0.036039936
20250428 9AM_#3,1250,0.022026432,0.036039936
20250428 9AM_#3,1350,0.026505756,0.036039936
20250428 9AM_#3,1450,0.031170177,0.036039936
20250428 9AM_#3,1550,0.036426906,0.036039936
20250428 9AM_#3,1650,0.043682671,0.036039936
20250428 9AM_#3,1750,0.049753822,0.036039936
20250428 9AM_#3,1850,0.058638433,0.036039936
20250428 9AM_#3,1950,0.064783623,0.036039936
20250428 9AM_#3,2050,0.068633621,0.036039936
20250428 9AM_#3,2150,0.0724466,0.036039936
20250428 9AM_#3,2250,0.065412949,0.036039936
20250428 9AM_#3,2350,0.060859586,0.036039936
20250428 9AM_#3,2450,0.053011513,0.036039936
20250428 9AM_#3,2550,0.047717766,0.036039936
20250428 9AM_#3,2650,0.040091808,0.036039936
20250428 9AM_#3,2750,0.034724022,0.036039936
20250428 9AM_#3,2850,0.029430274,0.036039936
20250428 9AM_#3,2950,0.024580757,0.036039936
20250428 9AM_#3,3050,0.020952875,0.036039936
20250428 9AM_#3,3150,0.017584126,0.036039936
20250428 9AM_#3,3250,0.014363455,0.036039936
20250428 9AM_#3,3350,0.011142783,0.036039936
20250428 9AM_#3,3450,0.008699515,0.036039936
20250428 9AM_#4,550,0.006384164,-0.026787316
20250428 9AM_#4,650,0.00998329,-0.026787316
20250428 9AM_#4,750,0.012382707,-0.026787316
20250428 9AM_#4,850,0.01812417,-0.026787316
20250428 9AM_#4,950,0.021894683,-0.026787316
20250428 9AM_#4,1050,0.021680449,-0.026787316
20250428 9AM_#4,1150,0.022880158,-0.026787316
20250428 9AM_#4,1250,0.021251982,-0.026787316
20250428 9AM_#4,1350,0.022023223,-0.026787316
20250428 9AM_#4,1450,0.020694974,-0.026787316
20250428 9AM_#4,1550,0.025793736,-0.026787316
20250428 9AM_#4,1650,0.029350015,-0.026787316
20250428 9AM_#4,1750,0.03256352,-0.026787316
20250428 9AM_#4,1850,0.036291186,-0.026787316
20250428 9AM_#4,1950,0.041304255,-0.026787316
20250428 9AM_#4,2050,0.04648871,-0.026787316
20250428 9AM_#4,2150,0.051416085,-0.026787316
20250428 9AM_#4,2250,0.05437251,-0.026787316
20250428 9AM_#4,2350,0.053944042,-0.026787316
20250428 9AM_#4,2450,0.053644115,-0.026787316
20250428 9AM_#4,2550,0.054201123,-0.026787316
20250428 9AM_#4,2650,0.05068769,-0.026787316
20250428 9AM_#4,2750,0.049402288,-0.026787316
20250428 9AM_#4,2850,0.047474185,-0.026787316
20250428 9AM_#4,2950,0.043832212,-0.026787316
20250428 9AM_#4,3050,0.037319508,-0.026787316
20250428 9AM_#4,3150,0.036419727,-0.026787316
20250428 9AM_#4,3250,0.030549724,-0.026787316
20250428 9AM_#4,3350,0.026822058,-0.026787316
20250428 9AM_#4,3450,0.020823514,-0.026787316
