image,label,area,perimeter,major_axis_length,minor_axis_length,aspect_ratio,eccentricity,orientation_deg,centroid_x,centroid_y,nuclear_area,nuclear_fraction,nuclear_mean_R,nuclear_mean_G,nuclear_mean_B
R-160-1-5_masks.tif,1,12658.0,725.1543289325507,267.14220245224993,66.64733213606252,4.008295514468173,0.968379280354005,24.887460982258222,136.17427713698848,106.84413019434349,7537,0.5954337178069206,182.05996704101562,181.85577392578125,153.27359008789062
R-160-1-5_masks.tif,2,17959.0,889.9827560572969,334.18032183664616,90.40734149909538,3.6963847879543055,0.962710250949566,6.368495052607431,236.62520184865528,147.00133637730386,5155,0.28704270839133583,179.48497009277344,172.4936981201172,149.0960235595703
R-160-1-5_masks.tif,3,9217.0,621.0121933088197,239.32032694443555,63.413298872819915,3.7739769291045757,0.9642559766707246,-23.00886343116364,705.1991971357274,80.76749484647934,2855,0.3097537159596398,196.71768188476562,189.6311798095703,145.8241729736328
R-160-1-5_masks.tif,4,17894.0,1019.7817459305202,358.89338072301797,88.11749930889094,4.072895662471508,0.9693901165073242,63.27822680999779,959.3606236727395,109.0496255728177,10559,0.5900860623672739,196.31101989746094,196.02120971679688,159.5240020751953
R-160-1-5_masks.tif,5,14835.0,860.7106781186548,315.3950420164144,61.86669194707438,5.097978121833766,0.9805726624975872,65.34467718202913,1013.0750252780587,79.97492416582406,8833,0.5954162453656893,205.13279724121094,203.836181640625,167.62606811523438
R-160-1-5_masks.tif,6,14191.0,882.1248916810279,330.7621009672991,66.17592290622622,4.998224224783407,0.9797813901341212,63.09313143265766,1078.4636741596787,58.66506941018956,9676,0.6818406031992108,187.8391876220703,188.00930786132812,158.5985870361328
R-160-1-5_masks.tif,7,6826.0,490.38477631085027,208.57459402059692,49.668437541666144,4.1993387419450565,0.9712326203172202,-4.387340931238027,1286.3414884266042,80.90213888075007,1194,0.17491942572516847,185.82579040527344,179.67420959472656,138.2428741455078
R-160-1-5_masks.tif,8,6367.0,466.0416305603426,177.6717239701442,48.213900290843796,3.6850726221766688,0.9624764918281004,-74.90284864498278,2635.5683995602326,29.080414637977068,963,0.15124862572640177,210.6282501220703,214.78089904785156,140.6645965576172
R-160-1-5_masks.tif,9,6798.0,546.8700576850888,196.94365753626488,46.524916341287394,4.233079240628147,0.9716960375237399,-79.52563973466088,2772.443512797882,24.741688731979995,1501,0.22080023536334217,211.6588897705078,211.1232452392578,135.32777404785156
R-160-1-5_masks.tif,10,9164.0,658.1837661840735,261.5095492853379,51.763641522631666,5.051992896809683,0.9802137972348234,-77.10982071680543,4810.9955259711915,40.909209951986035,2538,0.27695329550414666,207.80772399902344,205.54649353027344,146.313232421875
R-160-1-5_masks.tif,11,14269.0,821.1126983722081,351.2595414348451,58.56177423446311,5.998102790200845,0.9860043849442823,5.457169600110699,783.280257901745,179.9771532693251,8555,0.5995514752260145,189.38235473632812,189.10496520996094,172.7464599609375
R-160-1-5_masks.tif,12,13017.0,895.1126983722081,382.5265019726305,50.91685241370369,7.512768049064987,0.9911017092169125,4.159683262926865,1877.3981716217254,193.31151571022508,10456,0.8032572789429208,203.9269256591797,200.26577758789062,175.4306640625
R-160-1-5_masks.tif,13,13317.0,848.6274169979695,375.93388035049514,46.79948907813609,8.032862917004044,0.992221035901373,4.1690681471963424,1914.9986483442217,192.12713073515056,11993,0.9005782083051739,201.5576629638672,199.51771545410156,182.23956298828125
R-160-1-5_masks.tif,14,13604.0,852.1837661840735,366.7942478376956,61.02298880952179,6.010755208706894,0.9860636593858875,4.5011981640870955,1952.380917377242,162.43935607174362,10947,0.8046897971184945,197.8843536376953,195.96446228027344,170.19503784179688
R-160-1-5_masks.tif,15,17256.0,942.3259018078045,385.9015245631457,60.12501322377454,6.41831916322229,0.9877879852584573,-76.29844455970549,2787.8835767269356,65.76929763560501,8686,0.5033611497450162,206.5395965576172,201.3933868408203,158.46522521972656
R-160-1-5_masks.tif,16,13870.0,844.3259018078045,340.44109331084974,77.3416748618974,4.401780720662529,0.9738526022335354,-0.2496435773251299,2035.6490987743332,173.99250180245133,9587,0.6912040374909877,193.48731994628906,190.75550842285156,159.71304321289062
R-160-1-5_masks.tif,17,13538.0,851.9827560572969,313.14795200426124,76.74954040342558,4.080128041917035,0.9695002431762624,3.3152700592828417,1832.7122913281135,193.2854188210962,7904,0.5838380853892746,196.49354553222656,192.12335205078125,164.7071075439453
R-160-1-5_masks.tif,18,8995.0,606.0416305603426,258.7448310237978,47.13437847520707,5.489514010668433,0.9832678856197897,-2.4894072495927606,1999.7885491939967,172.8568093385214,7587,0.8434685936631462,204.81007385253906,201.740478515625,177.0023651123047
R-160-1-5_masks.tif,19,15026.0,892.4264068711929,365.6520859855493,57.15960458234425,6.397036660020804,0.9877060864944242,87.73814980831577,2396.3607746572607,79.31059496872088,4618,0.3073339544789032,199.51429748535156,196.78756713867188,144.54525756835938
R-160-1-5_masks.tif,20,17080.0,998.9949493661167,368.73503708877143,72.4034627239364,5.092781798222871,0.9805326038962856,43.19984531405468,3049.5539227166278,198.61182669789227,11181,0.6546252927400469,189.3247528076172,194.27493286132812,164.41552734375
R-160-1-5_masks.tif,21,14555.0,873.6396103067893,327.3258750083223,66.7738696093409,4.902005483931594,0.9789712758600694,69.22155255360272,2313.928203366541,139.3172792854689,4569,0.3139127447612504,192.85488891601562,194.1912841796875,151.1444549560547
R-160-1-5_masks.tif,22,13944.0,861.39696961967,319.87594151169174,94.14294159439297,3.3977687131325323,0.9557097665529423,19.11479485328227,851.8571428571429,248.0897160068847,9123,0.6542598967297762,192.10818481445312,194.11607360839844,175.86375427246094
R-160-1-5_masks.tif,23,13382.0,737.840620433566,291.98091933410154,70.15704919473706,4.161818700835624,0.9707037288213076,73.92686212788543,2828.0683007024363,142.62382304588252,10764,0.8043640711403378,198.16062927246094,194.1371307373047,164.08026123046875
R-160-1-5_masks.tif,24,17269.0,969.6396103067893,387.4229049521745,68.38956150790501,5.664942081949057,0.9842962803410821,17.98508568045684,2544.754067983091,285.965255660432,11287,0.6535989345069199,198.06468200683594,195.8430938720703,161.72622680664062
R-160-1-5_masks.tif,25,14779.0,973.6396103067893,380.90360292648785,50.13354125801584,7.597779717298252,0.991300590355247,19.020093476166096,2594.86460518303,294.6798159550714,9613,0.6504499627850329,198.79859924316406,196.622802734375,167.6913604736328
R-160-1-5_masks.tif,26,16931.0,1045.2964645562815,403.60554760730525,87.87539552307598,4.59293008247478,0.9760099471346017,8.79956664483353,2675.0310082097926,320.2885830724706,8842,0.5222373161656134,197.52499389648438,196.05078125,163.64227294921875
R-160-1-5_masks.tif,27,15883.0,890.3675323681471,327.9618225826638,66.72735165312052,4.914953380550156,0.979083107592653,60.91153550643379,122.94308380028961,214.06201599194108,11630,0.732229427689983,190.32846069335938,188.03318786621094,162.9483184814453
R-160-1-5_masks.tif,28,16917.0,1061.4802307403552,390.2646404952359,62.17270449836436,6.277105743493963,0.9872287546651828,-41.217385993705385,1079.3146538984454,274.68966128746234,7284,0.43057279659514097,205.9982147216797,202.38206481933594,152.54983520507812
R-160-1-5_masks.tif,29,9375.0,615.698484809835,246.57567050879106,49.542162034431755,4.97708740158375,0.9796075045656649,78.18678016646595,2793.842453333333,179.22890666666666,6694,0.7140266666666667,209.3882598876953,206.38916015625,172.6259307861328
R-160-1-5_masks.tif,30,15617.0,988.0832611206852,425.55317804964267,47.45326705058988,8.967837295500873,0.9937633560645117,11.615263447955492,2313.6785554203752,367.98892232823204,1094,0.07005186655567651,227.96343994140625,224.28884887695312,240.37110900878906
R-160-1-5_masks.tif,31,11419.0,695.539105243401,251.69977928056272,60.522710640175106,4.158765802427293,0.9706600506927153,-40.90558848298562,1024.6462912689378,256.92354847184515,6186,0.5417286977843945,201.52279663085938,196.89556884765625,156.61671447753906
R-160-1-5_masks.tif,32,20461.0,1047.0538238691624,396.53018801344865,89.67873607005133,4.42167458408094,0.9740904785458283,-1.4472704696858647,1287.8948731733542,361.7325155173256,11369,0.5556424417183911,192.58615112304688,190.1555938720703,161.93728637695312
R-160-1-5_masks.tif,33,18068.0,1018.7106781186548,360.3562057259795,98.43062226455119,3.6610172468223663,0.9619719857126793,4.569644108652397,2220.400154970113,348.04743192384325,11040,0.6110250166039407,199.2135009765625,196.05308532714844,162.35435485839844
R-160-1-5_masks.tif,34,14314.0,807.0121933088197,330.72246319263945,65.78387259164859,5.027409457111004,0.9800178423662719,82.22441181610563,2824.7565320665085,226.70399608774628,8938,0.6244236411904429,207.05751037597656,204.11590576171875,169.7877655029297
R-160-1-5_masks.tif,35,16213.0,859.840620433566,346.3557635252211,67.20541162110251,5.153688596953185,0.9809944521172632,-0.3865445699419467,2125.2411028187257,344.0369456608894,8122,0.5009560229445507,199.92132568359375,196.6514434814453,163.74697875976562
R-160-1-5_masks.tif,36,15593.0,941.1543289325507,375.2261955144101,60.90096788731364,6.161251758899779,0.9867406906545385,13.164452294695499,2356.90636824216,362.7845828256269,4900,0.31424357083306614,199.383056640625,195.28041076660156,150.02183532714844
R-160-1-5_masks.tif,37,14316.0,893.0538238691624,316.88847611402946,85.8071014343974,3.693033220056991,0.9626412226050928,15.537852439154832,2428.6190975132718,313.1906957250629,4250,0.2968706342553786,190.90423583984375,190.02330017089844,156.9694061279297
R-160-1-5_masks.tif,38,17676.0,1027.681240867132,390.2434857452528,71.79985253036558,5.435157204260428,0.9829286172488112,27.767454735746902,1406.9271328354832,339.65665308893415,12493,0.7067775514822358,188.45945739746094,189.70159912109375,159.06051635742188
R-160-1-5_masks.tif,39,13761.0,928.9116882454314,354.0672836214657,57.49831546073879,6.157872292158389,0.9867260352122027,11.811573331993651,2272.5407310515225,376.5843325339728,10093,0.733449603953201,201.2198486328125,197.881103515625,162.28028869628906
R-160-1-5_masks.tif,40,19613.0,1101.681240867132,428.51108014135986,69.90188892540003,6.1301788367789465,0.9866050164901865,-23.201918404407365,1668.2292866975986,358.6347320654668,10646,0.5428032427471575,196.99276733398438,190.27212524414062,163.02169799804688
R-160-1-5_masks.tif,41,11057.0,756.5685424949238,284.4362921453888,52.23877615620948,5.444926414333285,0.9829903503108783,67.08689193780111,107.65714027313014,260.9418467938862,9180,0.8302432847969612,191.9622039794922,188.6259307861328,154.72679138183594
R-160-1-5_masks.tif,42,18259.0,1049.4386001800126,390.66212172564184,81.8666227990646,4.771934011306321,0.9777960812664581,-24.371020499620013,1739.2552713730215,396.0372419081001,9235,0.505777972506709,197.2569580078125,192.25457763671875,153.4193878173828
R-160-1-5_masks.tif,43,8369.0,618.0832611206852,230.76388424467888,47.207866922749304,4.888250609210953,0.978851485241768,-22.692431074819172,1718.6769028557774,346.4140279603298,4701,0.561715856135739,200.5581817626953,193.4724578857422,151.63327026367188
R-160-1-5_masks.tif,44,6893.0,451.698484809835,165.85167896877113,55.23176623407542,3.00283134647337,0.9429201035730519,75.7487615070535,2780.2467720876252,275.2907297258088,5450,0.7906571884520528,207.60110473632812,207.11871337890625,162.20843505859375
R-160-1-5_masks.tif,45,8057.0,606.3259018078045,230.49366701185798,52.86323307333961,4.360188615253318,0.9733445184260154,-31.173443359663835,1185.699143601837,347.87737371229986,3798,0.47139133672582845,201.56082153320312,197.72064208984375,152.50184631347656
R-160-1-5_masks.tif,46,11342.0,712.8700576850888,289.40979149714605,51.52435138753042,5.61695166855001,0.9840246062182818,-5.149709567034134,1241.0978663375065,397.1836536766003,4538,0.4001058014459531,193.66748046875,187.0063934326172,154.6474151611328
R-160-1-5_masks.tif,47,3786.0,292.97056274847716,96.09949655137271,51.53333164839402,1.8648027107396916,0.8440593571530299,24.830457887532194,2483.2638668779714,280.3700475435816,2669,0.7049656629688326,199.70962524414062,197.67291259765625,153.04571533203125
R-160-1-5_masks.tif,48,20901.0,1032.3259018078045,405.40528845133997,78.43357792778068,5.168772089227208,0.9811062806765821,-1.2590460806465382,5386.886847519258,451.5932730491364,14602,0.6986268599588537,202.41836547851562,201.45445251464844,173.009033203125
R-160-1-5_masks.tif,49,10141.0,589.3553390593274,232.24727748768544,58.86059959289848,3.9457171536476503,0.9673512778083385,69.30088532932423,92.31397298096834,306.9223942411991,7975,0.7864115964894981,191.82908630371094,191.037109375,166.43899536132812
R-160-1-5_masks.tif,50,11486.0,767.840620433566,292.761013300729,62.26663218023938,4.701731939721612,0.9771202547456685,-15.006766530616636,1605.6504440188055,374.66785652098207,4730,0.41180567647570954,204.5050811767578,196.70486450195312,167.04122924804688
R-160-1-5_masks.tif,51,19667.0,1062.9116882454314,444.4112276623048,77.28610019185084,5.750208984010351,0.9847621295289233,-6.675389738388391,5294.648192403519,464.1592515381095,8941,0.4546194132302842,202.82418823242188,200.3960418701172,168.85292053222656
R-160-1-5_masks.tif,52,11157.0,771.1959594928933,269.97624051753405,59.27786164552036,4.554419356959652,0.9755974330162526,-45.717458714184055,1121.5820561082728,353.936362821547,2838,0.2543694541543426,206.97357177734375,202.9844970703125,147.56201171875
R-160-1-5_masks.tif,53,11861.0,871.840620433566,338.1408025001106,49.9998202561237,6.762840361585041,0.9890072751784476,-14.080334641979661,2065.0316162212293,454.91720765534103,5935,0.5003793946547509,202.11778259277344,197.89991760253906,154.49452209472656
R-160-1-5_masks.tif,54,15174.0,887.7817459305202,332.8273784905373,60.31639797550446,5.518024777038315,0.9834417953062431,27.674733230141047,1873.5525240543034,424.2933965994464,5537,0.3649004876762884,181.04660034179688,182.0357666015625,153.48239135742188
R-160-1-5_masks.tif,55,14474.0,920.9116882454314,386.56526042767257,50.90864612387795,7.59331252862291,0.9912903065405434,-13.862868180979213,2027.4295978996822,443.0500207268205,7913,0.5467044355395883,205.18589782714844,201.63023376464844,166.47390747070312
R-160-1-5_masks.tif,56,17014.0,997.4974746830583,390.99752495466566,69.71255096117159,5.608710620451158,0.9839772429700719,-83.43700495693898,2996.363700481956,323.7984600916892,7649,0.4495709415775244,196.793701171875,195.92652893066406,146.68714904785156
R-160-1-5_masks.tif,57,11405.0,583.1126983722081,209.0164224260426,79.36201122228569,2.633708738058652,0.9251126679002706,78.83111868013584,80.64734765453748,362.43042525208244,7389,0.6478737395879001,189.03897094726562,185.2059783935547,137.59588623046875
R-160-1-5_masks.tif,58,10378.0,742.4264068711929,291.3818857580396,56.389902083936555,5.167270645803156,0.9810951934611386,-11.779930432204138,1985.0446136057044,437.354596261322,4968,0.47870495278473696,204.0909881591797,200.17471313476562,166.6362762451172
R-160-1-5_masks.tif,59,24510.0,1203.1543289325507,511.883210608615,74.25315419350483,6.8937571227565595,0.9894230390758808,-5.267184739865992,5214.220195838433,570.5727050183599,8663,0.35344757241942065,197.29147338867188,197.33706665039062,169.66397094726562
R-160-1-5_masks.tif,60,14841.0,952.0660171779821,347.005789253914,55.41915951279961,6.26147693874299,0.9871645054105735,44.116989183688496,916.2639983828583,472.2271410282326,5319,0.3583990297149788,198.06768798828125,198.74525451660156,167.7394256591797
R-160-1-5_masks.tif,61,11709.0,873.095454429505,317.7075579482751,56.75951724454707,5.5974323491766045,0.983912080993055,44.04349208928455,952.493637372961,446.7965667435306,9551,0.8156973268425997,191.86492919921875,192.02920532226562,172.5052947998047
R-160-1-5_masks.tif,62,14245.0,840.2253967444162,294.3041842674904,72.63684616441091,4.051720301860896,0.9690642103244921,-22.23851155444973,2141.430186030186,514.5983853983854,5155,0.3618813618813619,202.89117431640625,199.23704528808594,156.68109130859375
R-160-1-5_masks.tif,63,15491.0,852.2670273047588,286.1115038189025,70.50311241151314,4.05814004563266,0.9691635661374918,-43.925189296197374,2451.390355690401,493.65754308953586,5108,0.32973984894454844,212.39781188964844,208.2623291015625,150.6949920654297
R-160-1-5_masks.tif,64,21134.0,1123.379725676967,415.9169832347115,65.39251453588433,6.36031487987017,0.9875628205031535,36.62293728295739,160.8849720828996,557.6948045802972,13379,0.6330557395665752,176.67164611816406,177.0288543701172,152.2601776123047
R-160-1-5_masks.tif,65,22067.0,1157.681240867132,441.1516663253584,82.07387564316922,5.375055861177359,0.982541304453199,65.76602681937902,1170.399283998731,555.6219694566547,13064,0.5920152263560974,186.2364501953125,186.9886016845703,160.49655151367188
R-160-1-5_masks.tif,66,16390.0,874.5269119345812,369.6845340309759,62.21746878332816,5.941812504754884,0.9857360240287482,88.38364021520384,4902.581086028066,473.3680292861501,10612,0.6474679682733374,200.94326782226562,201.02732849121094,163.48416137695312
R-160-1-5_masks.tif,67,15592.0,853.3553390593274,354.24196460499974,59.63032015513425,5.940634960258536,0.9857303277630234,6.057882570322362,5119.581836839405,633.2566700872242,9703,0.6223063109286814,199.8748779296875,198.33154296875,167.25796508789062
R-160-1-5_masks.tif,68,14920.0,1023.3380951166242,381.0459433920291,54.225793565408026,7.027023826445348,0.9898224599706099,60.70615209956789,4718.081032171582,536.8680965147453,10539,0.7063672922252011,199.1724090576172,201.64759826660156,176.42745971679688
R-160-1-5_masks.tif,69,7679.0,528.8700576850888,203.6477543897873,49.99130957602939,4.073663124989138,0.9694018309968827,10.558421262850388,5156.980335981248,580.58640447975,6892,0.8975126969657508,205.45675659179688,202.94732666015625,185.9930419921875
R-160-1-5_masks.tif,70,17900.0,901.8822509939085,339.40358260808466,73.48870528050858,4.618445532719226,0.9762775018720303,69.51856184957578,4926.788826815642,595.6023463687151,7092,0.39620111731843577,197.58079528808594,196.924560546875,169.98251342773438
R-160-1-5_masks.tif,71,17389.0,1018.0243866176395,401.1504765334908,64.53474670287625,6.216038599801491,0.986974925738831,66.03110438150514,1847.1237563977227,627.5678877451262,10927,0.6283857611133475,191.911865234375,193.98956298828125,163.5621795654297
R-160-1-5_masks.tif,72,17351.0,963.4802307403552,354.0620285146983,63.87852078986835,5.542739940384709,0.983590361802835,42.748728001418534,4173.22730678347,669.9721053541583,10239,0.5901100801106565,195.7257537841797,195.05078125,157.9480438232422
R-160-1-5_masks.tif,73,19062.0,923.840620433566,383.02100673488434,72.55982537428454,5.2786925100653335,0.9818921346379373,89.39346620445751,2557.786800965271,580.5505193578848,6821,0.35783233658587765,204.77159118652344,199.09324645996094,152.87347412109375
R-160-1-5_masks.tif,74,20368.0,1074.953318805774,405.0495262171893,73.01176125618316,5.547729834868033,0.9836201134396949,72.51303710795513,1263.2468578161822,654.1226924587588,8011,0.3933130400628437,190.2522735595703,189.32754516601562,166.0625457763672
R-160-1-5_masks.tif,75,15172.0,873.6396103067893,324.89239980291273,88.48165766576066,3.671861585484681,0.9622006810902118,-18.03806171150383,1057.2771552860534,727.2093988926971,8855,0.5836409174795676,195.71563720703125,193.1689453125,165.14218139648438
R-160-1-5_masks.tif,76,17025.0,844.9116882454314,328.20558256002505,80.11422684463342,4.096720339029402,0.9697506454344355,-13.178324137065044,950.7245814977973,726.7452569750367,9998,0.5872540381791483,189.6093292236328,184.1425323486328,152.90008544921875
R-160-1-5_masks.tif,77,16613.0,985.39696961967,384.4442431001224,78.69251822639772,4.885397643446604,0.978826510256398,16.794290023676904,85.39697827002949,755.7896827785469,14304,0.8610124601215915,188.0225067138672,185.98902893066406,160.42100524902344
R-160-1-5_masks.tif,78,9194.0,656.8700576850888,272.4827516243312,44.72038589472778,6.09303220830335,0.9864400656745558,89.33543220379454,2547.7083967805092,623.5870132695236,4175,0.4541005003262998,203.20095825195312,203.16574096679688,151.0464630126953
R-160-1-5_masks.tif,79,20510.0,990.1837661840735,423.3952731690018,64.97685577558066,6.5160935861738105,0.9881539005546383,-89.16300220878915,2246.283032666992,654.0238907849829,9267,0.4518283764017552,193.00140380859375,192.73367309570312,151.9668731689453
R-160-1-5_masks.tif,80,14306.0,914.8528137423857,334.8297052115767,64.85984394158902,5.162357552280191,0.9810588448315269,-58.220724080609905,4790.764154900042,712.9356913183279,5105,0.35684328253879494,207.28207397460938,203.20079040527344,156.25485229492188
R-160-1-5_masks.tif,81,14417.0,805.840620433566,320.55686876783375,58.67635371313121,5.463135462285826,0.9831045230429214,16.15615623455363,50.88083512519942,796.3966844697233,9846,0.6829437469653881,193.55189514160156,189.14198303222656,163.4459686279297
R-160-1-5_masks.tif,82,13607.0,957.539105243401,363.5600717393507,59.16567451926125,6.144780308741254,0.9866690297996612,-68.59594891203596,4845.954214742412,779.0067612258397,4621,0.3396046152715514,208.95736694335938,204.316162109375,160.21726989746094
R-160-1-5_masks.tif,83,17673.0,1038.3259018078045,426.0911705930591,56.34875784879441,7.561678142691753,0.9912169563293305,-77.44947889448693,1295.9367396593675,751.3520058846829,6382,0.36111582640185597,198.3594512939453,195.9718017578125,146.70558166503906
R-160-1-5_masks.tif,84,13711.0,673.5979797464466,259.2621379737227,68.17555230781261,3.8028608379020414,0.9648067567879017,-75.08612282394722,5322.115746480928,739.6432791189555,9318,0.679600320910218,201.5778045654297,200.7400665283203,154.3916015625
R-160-1-5_masks.tif,85,13901.0,897.6812408671319,331.68493832364584,67.63431263020462,4.904092692375786,0.978989363969513,-47.53478576486875,4961.327818142579,791.8012373210561,6310,0.45392417811668223,209.25181579589844,203.05657958984375,155.4513397216797
R-160-1-5_masks.tif,86,12509.0,748.9116882454314,297.3088878285111,54.41845319759732,5.463383656807758,0.983106071277108,-71.04045762296236,2366.8290031177553,764.4746182748421,6890,0.5508034215364938,203.95616149902344,202.77822875976562,167.34295654296875
R-160-1-5_masks.tif,87,10911.0,838.7523086789973,293.0328239823969,49.42006049561604,5.929430701696354,0.9856759566306109,-50.49066041410917,4998.908990926588,814.6742736687746,7008,0.6422875996700578,208.72317504882812,202.96290588378906,166.2370147705078
R-160-1-5_masks.tif,88,19061.0,1116.6101730552664,441.1213661480815,62.965459923193045,7.005767395111116,0.9897602863042524,-21.084916538411004,284.13761082839306,948.3065421541368,5726,0.30040396621373483,197.7869415283203,193.54994201660156,153.1047821044922
R-160-1-5_masks.tif,89,14491.0,874.5096679918781,314.52552557026195,62.91242085339416,4.999418577504844,0.9797911489787892,-54.31184315535882,5014.640880546546,860.5059692222759,7798,0.5381271133807191,209.3511199951172,203.6700439453125,160.50987243652344
R-160-1-5_masks.tif,90,13658.0,759.840620433566,286.90184941671373,69.17532804490598,4.1474591812628345,0.9704974274588855,-5.571733920707587,5101.470639917997,932.3116122419095,10025,0.7340020500805389,198.89187622070312,199.1535186767578,154.01316833496094
R-160-1-5_masks.tif,91,16090.0,746.2842712474619,323.12885247427425,64.44255714459815,5.014215245202452,0.979911464182199,-3.686235228306889,5152.667743940336,965.3993163455563,11307,0.7027346177750156,207.87538146972656,203.50279235839844,174.78836059570312
R-160-1-5_masks.tif,92,18396.0,1072.6101730552664,430.2972887996678,67.04510802564263,6.418026631191237,0.9877868651097114,67.71535207844722,1705.358936725375,882.6105675146771,6326,0.34387910415307676,189.24359130859375,190.2606658935547,154.1786346435547
R-160-1-5_masks.tif,93,13273.0,680.5269119345812,265.8769167483766,72.1443425920213,3.6853467256874115,0.9624821821466197,-2.7643061585382376,5208.9688088600915,951.2149476380622,1378,0.10381978452497552,205.53700256347656,184.18214416503906,200.09434509277344
R-160-1-5_masks.tif,94,13414.0,857.539105243401,326.72844615670164,55.04440210085794,5.935725227027385,0.9857065404673327,28.627514315457766,2987.9740569554197,954.0881168927986,8254,0.6153272700164008,193.49102783203125,194.15774536132812,166.62757873535156
R-160-1-5_masks.tif,95,18137.0,1005.7817459305202,372.69031425414397,92.53790000198866,4.027434318761662,0.9686839435083663,-73.11431465907673,4674.661906599768,887.5670176986271,7183,0.3960412416606936,207.96644592285156,203.31491088867188,156.7072296142578
R-160-1-5_masks.tif,96,6315.0,493.698484809835,174.948317741237,55.307783767925464,3.1631771483617905,0.9487132677290985,-11.362551831016885,5413.501821060966,948.120506730008,0,0.0,,,
R-160-1-5_masks.tif,97,17886.0,1032.9949493661165,377.2882242593225,74.32287366383864,5.076340642663954,0.9804050362979607,33.57685830490088,3102.19920608297,994.6561556524656,11059,0.6183048194118305,188.90948486328125,189.8108367919922,157.13563537597656
R-160-1-5_masks.tif,98,22469.0,1144.2253967444162,474.07709377701923,74.88045593859536,6.331119219757146,0.987447118335428,-10.978593362536115,1445.6041657394633,1082.295162223508,11118,0.4948150785526726,195.63230895996094,189.128173828125,158.5030517578125
R-160-1-5_masks.tif,99,13253.0,948.8528137423857,346.2924941397711,71.40758391218932,4.849519829232855,0.9785086064361772,-41.93309090553811,4675.176412887648,982.369350335773,6875,0.5187504715913378,208.19302368164062,203.1470489501953,157.3480682373047
R-160-1-5_masks.tif,100,13735.0,904.1665222413704,335.8109665128934,57.555462349656686,5.834562920766746,0.9852028370143368,-46.03163095588211,4719.042810338551,998.2341463414634,8132,0.5920640698944303,210.0767364501953,203.75933837890625,168.42965698242188
R-160-1-5_masks.tif,101,16522.0,1007.3380951166242,363.7221129981616,76.11805949978115,4.778394449206989,0.9778567598798827,-39.31399365377958,326.10579832950003,1066.2096598474761,6451,0.39044909817213413,200.4706268310547,197.12322998046875,154.02589416503906
R-160-1-5_masks.tif,102,10478.0,824.2670273047588,274.53236249716076,52.22236544455214,5.25698826853505,0.9817409108403016,-46.28421401461009,4759.444836800916,1017.987020423745,7061,0.6738881465928612,209.96119689941406,202.2363739013672,159.6840362548828
R-160-1-5_masks.tif,103,11292.0,780.6101730552664,281.478029079974,55.934487074729,5.032280508873117,0.9800569009516255,41.45033717216126,83.79029401346085,1013.9029401346086,5468,0.48423662770102727,187.0813751220703,185.6102752685547,151.98756408691406
R-160-1-5_masks.tif,104,18632.0,1130.7523086789975,403.30570355171636,100.77817165294262,4.001915265347447,0.9682767213365877,-44.348594902892,1555.414179905539,1039.4760090167454,7116,0.3819235723486475,206.2459259033203,196.49986267089844,142.7685546875
R-160-1-5_masks.tif,105,16141.0,1033.6223663640862,394.9939517639812,54.011708054767546,7.313117210873237,0.9906068895536525,43.51227212609229,4995.180286227619,1062.8535406728208,6165,0.3819465956260455,201.62254333496094,201.5699920654297,169.1161346435547
R-160-1-5_masks.tif,106,14100.0,896.0243866176395,309.25129021181317,79.99124828248857,3.866064061404496,0.9659681602251555,-51.16696456826944,4770.61865248227,1066.0354609929077,9127,0.6473049645390071,208.07647705078125,204.6722869873047,170.31642150878906
R-160-1-5_masks.tif,107,12063.0,862.1665222413704,312.7554736898238,54.46024419002904,5.742821728792125,0.9847225976801023,42.49504116632249,5043.43504932438,1048.2101467296693,7416,0.6147724446655061,205.17596435546875,200.81971740722656,182.58575439453125
R-160-1-5_masks.tif,108,13889.0,912.1665222413704,339.74514306940705,57.349627945426214,5.924103699377227,0.9856499968504129,-48.04123059326626,1602.2392540859673,1053.7123623011016,4209,0.3030455756353949,206.8876190185547,202.6578826904297,152.88856506347656
R-160-1-5_masks.tif,109,16485.0,997.1959594928933,382.86573729845776,93.4384916363978,4.097516244037026,0.9697625788011511,-74.95283948377376,2110.8674552623597,1059.3079769487413,7662,0.46478616924476795,204.90042114257812,203.49412536621094,164.28594970703125
R-160-1-5_masks.tif,110,15236.0,1020.4091629284898,382.407634969871,72.81959861192664,5.251438380041263,0.9817019370066746,42.10918619157216,4957.518968233132,1132.9394854292466,7189,0.4718430034129693,203.37669372558594,203.19989013671875,166.5050811767578
R-160-1-5_masks.tif,111,10068.0,857.5807358037436,314.9769315231447,44.7431873706761,7.0396623493474015,0.9898591582968633,43.187726989859556,4988.125049662296,1113.4667262614223,1400,0.1390544298768375,227.95785522460938,219.7964324951172,229.7435760498047
R-160-1-5_masks.tif,112,17803.0,913.840620433566,381.94877381941996,60.301572450477614,6.333977014166481,0.9874585150370561,-80.69965823620505,1023.5774869404033,1037.7308880525754,9921,0.5572656293883054,196.95867919921875,196.6394500732422,156.31680297851562
R-160-1-5_masks.tif,113,11532.0,709.2964645562816,262.3452016550009,61.35029803466814,4.276184632497686,0.972271886767477,50.582360921655116,84.68791189732917,1088.663198057579,7523,0.652358654179674,187.72178649902344,188.8693389892578,166.55377197265625
R-160-1-5_masks.tif,114,20231.0,1073.39696961967,426.17191545354905,69.82522797291482,6.103408865616035,0.9864864496331861,-13.044202744031578,1071.6829123622165,1246.0234293905394,6325,0.31263901932677574,205.5192108154297,200.2910614013672,172.193359375
R-160-1-5_masks.tif,115,16766.0,965.1543289325507,383.5821193729017,58.740012869045565,6.5301674384725805,0.9882052114899946,-13.397041815818161,1121.4345699630203,1247.313253012048,322,0.01920553501133246,227.24844360351562,226.6366424560547,238.5093231201172
R-160-1-5_masks.tif,116,17173.0,917.095454429505,342.401116481738,65.9371661559447,5.192839432497633,0.9812826754907094,34.92971974711157,927.7827985791649,1206.1219938275199,4854,0.2826530018051593,193.7278594970703,190.6870574951172,148.3269500732422
R-160-1-5_masks.tif,117,13676.0,767.1126983722081,313.3058319500141,58.52170910885819,5.353668522688281,0.9824002826488668,6.756095495358282,1190.3520766305937,1260.2472214097688,9025,0.6599151798771571,187.70947265625,184.84188842773438,165.37551879882812
R-160-1-5_masks.tif,118,11101.0,802.3675323681471,297.05077943169687,48.65190376783878,6.105635266590771,0.9864963706252126,30.270071774199153,3563.5717502927664,1211.395279704531,9494,0.8552382668228088,201.76617431640625,200.72035217285156,178.22845458984375
R-160-1-5_masks.tif,119,11970.0,713.39696961967,263.91318239753826,61.85660054394502,4.266532271039457,0.9721444844418563,61.10717869857912,1301.7929824561404,1154.2229741019214,5781,0.48295739348370925,194.5599365234375,193.67652893066406,161.58035278320312
R-160-1-5_masks.tif,120,7827.0,467.7989898732233,176.9559645491586,61.476537641025544,2.878430883379311,0.9377127744980843,-76.9249553979853,2911.6508240705252,1133.7515012137474,3699,0.4725948639325412,203.70423889160156,203.1516571044922,170.60394287109375
R-160-1-5_masks.tif,121,10404.0,551.4558441227157,204.3048538873598,70.48069150220618,2.8987350937237135,0.9386107501416422,75.79816551522894,3058.20030757401,1141.8084390618992,9049,0.8697616301422529,202.4013671875,199.7047119140625,178.2116241455078
R-160-1-5_masks.tif,122,11854.0,807.2964645562816,310.5844531910478,54.40122714057172,5.709144251259326,0.9845404082491722,29.751180817042968,3528.6318542264216,1232.6672009448287,8160,0.6883752319892019,202.98321533203125,202.3307647705078,174.7911834716797
R-160-1-5_masks.tif,123,17362.0,832.5685424949238,308.3150477431924,92.2109204984024,3.3435849688598878,0.9542279837214784,77.51443578678216,5277.264082478977,1145.1014284068656,7527,0.43353300311024073,197.00332641601562,196.31752014160156,156.59930419921875
R-160-1-5_masks.tif,124,19522.0,1143.5807358037437,411.7068026422468,104.76830894878256,3.9296883453899727,0.9670798509820719,-36.85382323606929,2044.1156131543898,1234.7836799508248,7615,0.3900727384489294,205.2073516845703,198.24754333496094,148.82980346679688
R-160-1-5_masks.tif,125,4503.0,402.38477631085027,155.10047416304815,43.26807650655462,3.5846399166727965,0.9603003843837287,75.27678495122211,56.96047079724628,1159.8376637797023,0,0.0,,,
R-160-1-5_masks.tif,126,10660.0,666.5269119345812,268.5872974954466,55.296079746753655,4.857257489600154,0.9785777728093163,7.85566632685565,1235.6534709193245,1252.984052532833,6534,0.6129455909943715,198.6903839111328,196.62060546875,172.32858276367188
R-160-1-5_masks.tif,127,11102.0,878.7523086789973,311.8673194771275,47.58128413726851,6.554411574463043,0.9882928215599932,-39.76801317489262,2078.6832102323906,1251.209061430373,6397,0.5762024860385516,208.8092803955078,201.6198272705078,168.531494140625
R-160-1-5_masks.tif,128,12936.0,943.8233764908629,356.18469099159114,49.63768622766258,7.175690852268071,0.9902418676942745,-38.25258098420241,2099.4451144094,1287.5799319727892,5925,0.45802411873840443,208.35662841796875,200.2877655029297,154.16253662109375
R-160-1-5_masks.tif,129,15706.0,834.6690475583121,338.3357898509213,73.09640445910384,4.628624244304851,0.9763829829845888,80.32491535421396,4775.168279638355,1196.6187444288807,7002,0.44581688526677704,194.68551635742188,193.4697265625,153.4580078125
R-160-1-5_masks.tif,130,12501.0,809.0538238691624,305.61085314191433,75.09396635523824,4.069712494559108,0.9693414565893139,58.77490499262259,1681.37812974962,1200.174226061915,7096,0.5676345892328614,192.78988647460938,190.5760955810547,155.81201171875
R-160-1-5_masks.tif,131,13498.0,877.1959594928933,321.7044022270274,67.55077474805704,4.762408772170012,0.9777061592299822,-33.90976136893968,2149.0537857460363,1294.3502741146835,6141,0.4549562898207142,207.9115753173828,201.2613525390625,145.70248413085938
R-160-1-5_masks.tif,132,14367.0,779.698484809835,332.5277629047468,58.27725707127881,5.705961117868548,0.984523019217094,-5.1421702154391715,2229.6837196352753,1297.6852509222524,0,0.0,,,
R-160-1-5_masks.tif,133,20403.0,1052.6101730552664,398.30167371861114,66.40962758276143,5.997649561010368,0.9860022546136595,66.74357736245912,3352.0430328873204,1224.1227760623437,11642,0.5706023623976866,191.37896728515625,189.21250915527344,157.17831420898438
R-160-1-5_masks.tif,134,12589.0,724.2842712474619,298.68408410326674,58.19311495276664,5.132636126210092,0.9808366966653259,-4.135706045928737,2276.0846770990547,1299.8144411788069,8822,0.700770513940742,193.9657745361328,193.23928833007812,163.59454345703125
R-160-1-5_masks.tif,135,14657.0,843.1126983722081,366.90213324150955,53.16823677711521,6.900776769776807,0.9894446611638738,85.16236357278156,3006.2754315344205,1189.6118578153782,9769,0.6665074708330491,200.0212860107422,199.1321563720703,165.78114318847656
R-160-1-5_masks.tif,136,12038.0,731.6396103067893,263.3225670774353,59.974025353383624,4.390610193760808,0.9737175875637524,61.47525425834042,1580.13739823891,1235.8780528326965,8235,0.6840837348396743,203.30650329589844,198.7534942626953,167.98895263671875
R-160-1-5_masks.tif,137,15180.0,830.5685424949238,317.07538854987456,85.38779415475716,3.7133572975922755,0.9630568740963694,71.57818719089563,5252.17977602108,1267.0193675889327,8162,0.5376811594202898,202.50306701660156,199.7987060546875,155.0808563232422
R-160-1-5_masks.tif,138,7451.0,668.6690475583121,224.6500673920671,50.51685149279171,4.447032242777889,0.9743889889730881,71.54303466218934,5248.346664877197,1222.7319822842571,3789,0.5085223459938263,197.5922393798828,196.9300537109375,178.3280487060547
R-160-1-5_masks.tif,139,13139.0,865.4386001800126,322.3383986415721,61.49320998009794,5.241853511077008,0.9816343322994212,49.73292308920628,1695.341121850978,1265.7104802496385,8822,0.6714361823578658,198.7931365966797,196.48435974121094,157.00601196289062
R-160-1-5_masks.tif,140,12393.0,884.1837661840735,379.5220234093036,42.815977786754054,8.864027940679566,0.9936159501774107,79.5369439925559,2979.511821189381,1230.6685225530541,5269,0.4251593641571855,207.68418884277344,200.98899841308594,175.9950714111328
R-160-1-5_masks.tif,141,15652.0,854.0243866176395,306.01034659087503,75.30250902718984,4.063747019111705,0.9692499498033527,-34.1485312720756,5070.097112190136,1332.9453743930487,7821,0.4996805520061334,203.36517333984375,200.1439666748047,149.72445678710938
R-160-1-5_masks.tif,142,17046.0,1023.539105243401,406.658379621255,68.0798959555275,5.973252072636838,0.9858868546597552,-20.01221029874643,3775.667781297665,1386.2584183972779,9421,0.5526809808752786,205.32098388671875,200.87464904785156,170.6927032470703
R-160-1-5_masks.tif,143,17452.0,932.3259018078045,357.146121140644,73.96865367235036,4.828344216222311,0.9783175906201229,79.65126717321697,2970.895656658263,1274.2870158148064,7454,0.4271143708457483,199.5807647705078,196.76119995117188,158.19451904296875
R-160-1-5_masks.tif,144,16101.0,1010.953318805774,402.28453297414626,51.92787375133523,7.746986423910767,0.9916338642324646,-22.50049679141968,3692.9975156822557,1389.1424756226322,7296,0.4531395565492827,209.61444091796875,204.92941284179688,181.01356506347656
R-160-1-5_masks.tif,145,15594.0,1038.953318805774,392.15332791491744,63.64287044907447,6.161779397249363,0.9867429766226166,-21.754122693122106,3643.8376298576377,1395.6198537899193,9189,0.5892651019622932,207.35313415527344,202.73109436035156,170.8839874267578
R-160-1-5_masks.tif,146,18143.0,933.1959594928933,348.4840596912372,75.8366700975041,4.595191999374276,0.9760338487279061,59.877696684936666,3371.4287052857853,1345.6118062062503,13850,0.7633798159069614,200.53567504882812,199.6206512451172,168.3338623046875
R-160-1-5_masks.tif,147,11365.0,773.8822509939085,279.0532857477482,55.347552482810094,5.041836056516083,0.9801331891295054,61.88050418233981,3402.9381434227894,1307.25208974923,9280,0.816542014958205,209.60000610351562,206.30398559570312,185.03199768066406
R-160-1-5_masks.tif,148,12803.0,757.7401153701776,295.485506241293,56.77255544157655,5.204724429665157,0.9813688705176775,68.52590255362736,1625.1897211591033,1311.115207373272,8534,0.6665625244083418,200.88961791992188,198.00936889648438,162.42922973632812
R-160-1-5_masks.tif,149,9150.0,716.3259018078045,271.49998260326754,60.13212827891939,4.515056931694328,0.9751646529414728,-17.934591022986954,3820.964918032787,1405.6098360655737,8331,0.9104918032786885,204.16937255859375,201.74913024902344,174.90037536621094
R-160-1-5_masks.tif,150,9947.0,657.7401153701776,243.08691767242172,60.60768927406074,4.010826358569978,0.9684198237801144,-23.867546564896173,3907.328641801548,1395.3204986428068,6164,0.6196843269327436,202.90606689453125,198.88870239257812,164.4393310546875
R-160-1-5_masks.tif,151,17399.0,912.6690475583121,361.1801119386573,65.63044396779748,5.50324041866722,0.9833519550773983,-6.583902257756799,1132.9251106385425,1455.6105523305937,5575,0.3204207138341284,197.99102783203125,193.431396484375,158.17381286621094
R-160-1-5_masks.tif,152,11754.0,760.0832611206852,293.5469784347148,60.45908271323178,4.855299903027978,0.9785603057926677,-76.48459532883484,2798.2287731835972,1329.491917645057,4067,0.3460098689807725,210.02606201171875,207.0865478515625,182.4320068359375
R-160-1-5_masks.tif,153,13712.0,756.5685424949238,289.7082393967577,62.17208964119179,4.659779670728858,0.9767014901073785,-66.40109423105181,1376.617269544924,1362.2495624270712,4469,0.3259189031505251,206.83396911621094,203.0313262939453,157.12396240234375
R-160-1-5_masks.tif,154,9912.0,734.3259018078045,287.18211871682036,51.48770398699607,5.577683533710343,0.9837970150641432,70.38643362653997,1629.2085351089588,1358.407183212268,3781,0.38145682001614206,203.09521484375,197.81460571289062,159.4736785888672
R-160-1-5_masks.tif,155,13439.0,913.2548339959391,384.89447542690635,47.16423894613517,8.160726941157314,0.9924638095503664,11.727291171554919,3179.0119056477415,1465.6735620209838,7255,0.5398467147853263,204.157958984375,199.59048461914062,161.6129608154297
R-160-1-5_masks.tif,156,14588.0,927.9238815542512,341.4297723049676,59.53411739897164,5.735027026887028,0.984680717963293,52.22759796701522,3312.724293940225,1390.3239649026598,12482,0.8556347683027146,204.91700744628906,201.66319274902344,182.47909545898438
R-160-1-5_masks.tif,157,9761.0,701.9827560572969,247.38692474150386,63.62954127702061,3.887925636057446,0.9663564469869429,65.52492778810691,1596.849195779121,1391.8382337875219,4419,0.4527200081958816,201.8194122314453,198.73614501953125,148.92645263671875
R-160-1-5_masks.tif,158,10765.0,837.4386001800126,294.5906237910837,51.87980597605825,5.67832932773559,0.9843708264833557,52.324295151861826,3292.697724105899,1428.4486762656759,7544,0.70078959591268,202.8966064453125,202.52783203125,175.72879028320312
R-160-1-5_masks.tif,159,13582.0,748.6690475583121,282.2063947776497,62.74036059196664,4.49800402986182,0.9749735624552333,-15.047627172810524,947.7989986747166,1448.1876748637903,8165,0.6011633043734355,204.01690673828125,198.91696166992188,157.1851806640625
R-160-1-5_masks.tif,160,12649.0,800.9116882454314,307.043017094847,67.29215242071669,4.562835428047925,0.9756884907698185,12.999909818172018,3138.3299075025693,1480.9840303581311,9253,0.7315202782828683,205.4143524169922,202.85983276367188,186.21766662597656
R-160-1-5_masks.tif,161,16741.0,1089.681240867132,410.5393260098579,102.28791641074903,4.01356621989727,0.968463627266202,-75.93992680177061,2814.643032076937,1437.1950898990503,7128,0.4257810166656711,205.39352416992188,202.94627380371094,164.05836486816406
R-160-1-5_masks.tif,162,7644.0,529.1543289325507,176.18532703383534,59.218415160259475,2.9751780178013014,0.9418211876494814,-49.40121112995485,2616.7904238618526,1397.6319989534275,4187,0.5477498691784406,206.26629638671875,203.07618713378906,156.16932678222656
R-160-1-5_masks.tif,163,9733.0,700.7695526217004,274.3738215975332,51.06744753136911,5.372773358781915,0.9825263354979876,10.115466818537342,3220.1248330422277,1474.600534264872,7486,0.7691359293126477,196.519775390625,193.82566833496094,170.47662353515625
R-160-1-5_masks.tif,164,21739.0,1084.0243866176395,401.23780714631306,79.36593001046113,5.055542184076043,0.980241849533059,22.467897651019896,853.7918487510925,1545.3418280509684,13201,0.607249643497861,184.056884765625,181.92227172851562,158.6631317138672
R-160-1-5_masks.tif,165,16626.0,974.0243866176395,359.2555470138324,73.1675095900958,4.910042025845614,0.9790407935749141,29.82637279863797,3083.6524720317575,1507.4313124022615,9158,0.5508240105858294,183.3389434814453,183.62403869628906,163.07469177246094
R-160-1-5_masks.tif,166,19520.0,1107.2375900532359,413.6408020177322,76.71063428955695,5.392222419337282,0.9826532693929593,33.34566433086903,1913.7469774590163,1517.153381147541,10317,0.5285348360655737,185.63050842285156,183.8353271484375,151.69778442382812
R-160-1-5_masks.tif,167,16029.0,912.1248916810279,346.0973757105219,72.60806484132203,4.76665197546422,0.9777462843596877,-68.44636319746087,1631.2493605340321,1474.3706407137065,8062,0.5029633788757877,206.15579223632812,200.86380004882812,156.28863525390625
R-160-1-5_masks.tif,168,15125.0,839.1543289325507,317.21248791363917,77.0444743307534,4.117264614615189,0.9700564162302011,-17.562703989683488,1059.1392396694214,1575.0603636363637,8251,0.5455206611570248,200.3286895751953,194.91783142089844,171.05526733398438
R-160-1-5_masks.tif,169,17053.0,912.4264068711929,379.86067277874633,65.66075386236753,5.785201211289439,0.984947311314711,-86.8617943395172,1398.0239840497272,1451.7576379522664,6493,0.3807541195097637,202.53118896484375,198.43600463867188,160.71107482910156
R-160-1-5_masks.tif,170,16785.0,922.953318805774,330.9642982415436,76.05400418525979,4.351701160077625,0.9732390097579261,-69.64783793871229,1687.28763777182,1517.156687518618,4147,0.2470658325886208,200.16566467285156,191.78248596191406,143.94285583496094
R-160-1-5_masks.tif,171,7742.0,532.3259018078045,179.98119189528109,59.22821043446219,3.038774775990163,0.9443020461224375,-31.330121867700772,2524.1148282097647,1503.573882717644,3685,0.47597520020666495,209.49525451660156,206.59429931640625,154.2445068359375
R-160-1-5_masks.tif,172,11864.0,703.7401153701776,264.89254715012993,61.96144043875409,4.275119256014771,0.972257867946548,-21.039339509561035,968.0997977073499,1554.7316250842887,8107,0.6833277140930546,200.76255798339844,197.49586486816406,168.3104705810547
R-160-1-5_masks.tif,173,12860.0,842.2253967444162,306.57131400812625,70.47583371860662,4.350020394681575,0.973218041287998,-69.029598294705,2863.8541213063763,1503.9643856920684,5605,0.4358475894245723,212.43746948242188,206.01535034179688,171.02532958984375
R-160-1-5_masks.tif,174,5556.0,371.3553390593274,112.40323253559369,65.32893296865184,1.7205735258148254,0.8137596440842454,-54.81015817796208,3825.044816414687,1507.6087113030958,4811,0.8659107271418287,207.68759155273438,201.86447143554688,154.24444580078125
R-160-1-5_masks.tif,175,14570.0,869.840620433566,363.480679596389,68.37945345427944,5.315641778848424,0.9821452774632381,-88.49995857149102,1332.2964310226494,1511.6699382292381,8617,0.5914207275223061,199.62840270996094,196.00347900390625,164.58604431152344
R-160-1-5_masks.tif,176,19338.0,926.2253967444162,353.89208100405983,72.08959385783037,4.909059159106638,0.9790323101636484,-71.4798351977533,2885.548815803082,1554.1464991209018,6373,0.32955838245940633,200.3070831298828,193.7174072265625,131.49929809570312
R-160-1-5_masks.tif,177,9131.0,515.9411254969543,192.2719384656838,62.21263529205226,3.090560905563291,0.9462056508366541,-71.52219620850087,2106.4159456795533,1556.299967144891,162,0.017741758843500165,219.04937744140625,189.24691772460938,174.91357421875
R-160-1-5_masks.tif,178,23528.0,1054.669047558312,443.9599902273933,70.28415171934135,6.316644355333676,0.987389153672668,-82.4125010151963,3897.9951122067323,1564.5714042842571,7501,0.31881162869772184,203.53712463378906,196.38235473632812,150.3931427001953
R-160-1-5_masks.tif,179,15484.0,875.698484809835,384.2938176764625,57.27797038285411,6.709277844654549,0.9888300618168782,-85.9441208140193,1325.654546628778,1557.3367346938776,6191,0.3998320847326272,204.53465270996094,197.84864807128906,161.44969177246094
R-160-1-5_masks.tif,180,9508.0,536.7695526217004,198.58494372943287,63.54237036761862,3.1252366347137777,0.9474257260235751,-69.16749096629316,2122.0799326882625,1607.1985696255786,3541,0.37242322254943205,205.49703979492188,202.7238006591797,142.416259765625
R-160-1-5_masks.tif,181,12979.0,790.8700576850888,332.5902904960162,52.457967461310595,6.340129185167383,0.9874829967793222,-84.65124082756874,1309.9216426535172,1601.2595731566375,4464,0.343940211110255,200.951171875,201.22804260253906,153.6807861328125
R-160-1-5_masks.tif,182,19012.0,1038.2670273047588,382.92539736195,73.47187657574717,5.21186357567941,0.9814203597630282,-63.242731802693434,1443.7512097622555,1640.180517567852,8956,0.47107090258783924,202.57704162597656,199.1715087890625,160.05001831054688
R-160-1-5_masks.tif,183,16835.0,946.7523086789973,349.7408846431505,68.93826781310615,5.073247352128273,0.9803808947366132,49.91156127008033,1789.6647460647462,1664.8112266112266,10233,0.6078408078408079,187.68386840820312,187.55116271972656,157.5247802734375
R-160-1-5_masks.tif,184,14235.0,858.6101730552664,309.6576572597826,61.287700315773826,5.052525313632708,0.9802180090875977,-57.227566355442995,3850.513663505444,1661.0863364945558,8416,0.5912188268352652,212.0017852783203,205.31748962402344,161.7261199951172
R-160-1-5_masks.tif,185,17133.0,994.2670273047588,362.90757427249434,62.51827356215937,5.804823991367422,0.9850496793351777,-63.80482084981667,1471.6664915659837,1684.2097706181055,7207,0.42065020720247476,201.30873107910156,198.8304443359375,146.52767944335938
R-160-1-5_masks.tif,186,16917.0,1084.651803615609,396.9009534728576,72.24705815413228,5.49366249108866,0.9832933608305745,-54.70584895185677,3535.8315895253295,1732.454808772241,7136,0.4218242005083644,210.22982788085938,205.86000061035156,157.8099822998047
R-160-1-5_masks.tif,187,17953.0,1074.9949493661165,405.9753348769818,61.52615856072933,6.598418369907886,0.9884493674983026,-29.59629407110497,3615.639280343118,1764.9265303848938,8556,0.47657773074138027,206.57293701171875,202.10401916503906,163.3307647705078
R-160-1-5_masks.tif,188,20204.0,1067.9238815542512,400.70742843273473,83.32057960336113,4.80922516790282,0.978142921540505,-32.88920923361841,3698.960106909523,1742.101316570976,7283,0.36047317362898434,209.66937255859375,199.10586547851562,153.20294189453125
R-160-1-5_masks.tif,189,9547.0,557.9411254969543,216.9163996556554,58.521880979377094,3.7065862550128212,0.9629191773862678,-74.36266224419202,2942.8671834084007,1704.6440766733006,7270,0.7614957578296847,208.8134765625,203.58816528320312,164.8647918701172
R-160-1-5_masks.tif,190,16054.0,762.7695526217004,298.91078499832577,73.45438273982464,4.0693390080897895,0.969335739592299,84.41541910400032,1138.8052821726671,1712.5503924255638,9193,0.5726298741746605,193.6673583984375,192.1471710205078,152.92678833007812
R-160-1-5_masks.tif,191,9252.0,567.9411254969543,225.09749416056158,58.71318797838752,3.833848951336462,0.9653835371080958,-79.23592130721521,3883.986597492434,1726.251188932123,3548,0.38348465196714226,206.5315704345703,200.21054077148438,152.24464416503906
R-160-1-5_masks.tif,192,8606.0,546.7695526217004,205.40790132864038,59.920602559821184,3.428001264232503,0.9565052298606613,-73.9093191317056,2945.451080641413,1754.139669997676,7363,0.8555658842667906,211.03517150878906,206.1765594482422,165.8207244873047
R-160-1-5_masks.tif,193,18284.0,991.0121933088197,411.92084674365776,59.32496507178966,6.943465474361236,0.989574733097757,-7.399423594224263,2132.738022314592,1922.3906694377597,5596,0.30605994311966744,194.54164123535156,191.898681640625,155.95782470703125
R-160-1-5_masks.tif,194,15827.0,970.4680374315354,368.05612383573714,79.09292857444031,4.65346435477265,0.9766374525276762,-73.00086900380026,1037.0201554305934,1787.8793833322802,9947,0.628482972136223,203.821044921875,200.0151824951172,162.21322631835938
R-160-1-5_masks.tif,195,11686.0,698.4680374315354,245.05127190149662,69.70252862883956,3.515672626546667,0.9586936685595366,-40.7915350960932,3712.229933253466,1825.0340578469963,4144,0.3546123566660962,210.95849609375,204.63320922851562,157.7118682861328
R-160-1-5_masks.tif,196,17860.0,1017.6812408671319,379.6543620147023,73.40578154154593,5.171995366602383,0.9811300495238076,61.048655783131444,1505.329731243001,1828.3906494960806,0,0.0,,,
R-160-1-5_masks.tif,197,5225.0,415.59797974644664,137.077346355594,50.69145025808158,2.704151206124551,0.9291106630553145,-59.80602392182573,3889.061052631579,1811.9341626794258,4021,0.7695693779904306,207.6441192626953,200.3894500732422,156.49266052246094
R-160-1-5_masks.tif,198,17567.0,907.39696961967,360.5948473569522,67.13631362213414,5.371085004555089,0.9825152506177672,-73.36886076853837,1073.982808675357,1828.246655661183,8821,0.5021346843513406,205.58349609375,198.50856018066406,157.9068145751953
R-160-1-5_masks.tif,199,6027.0,393.94112549695427,128.40448646776508,60.84315746536936,2.1104178648330376,0.8806110574487279,-54.52532227936784,3038.1629334660693,1830.8518334162934,5122,0.8498423759747802,210.1093292236328,202.86997985839844,167.4738311767578
R-160-1-5_masks.tif,200,17888.0,998.1248916810279,375.0885011660029,67.74226324707494,5.536993941255703,0.9835560011735012,20.284432803897552,3396.1868291592127,1955.560152057245,15558,0.8697450805008945,204.49807739257812,202.15354919433594,179.6129913330078
R-160-1-5_masks.tif,201,19025.0,1209.3380951166241,422.126978301382,105.81389826600373,3.9893339648087083,0.9680730078196865,-52.70295220007409,1155.4406833114324,1964.92,7574,0.39810775295663603,208.08660888671875,202.13427734375,157.8047332763672
R-160-1-5_masks.tif,202,19275.0,846.953318805774,305.79090212065626,85.94999745325427,3.557776744402664,0.9596859777758612,59.86210870583815,1425.9407522697795,1869.5250324254216,4142,0.21488975356679638,203.6636962890625,198.0258331298828,151.58642578125
R-160-1-5_masks.tif,203,14701.0,1000.2670273047588,373.57152934433793,55.35150622448938,6.749076128646654,0.9889621413194039,-62.39961892726099,3072.31174750017,1909.802530440106,4618,0.3141282905924767,206.99696350097656,202.72000122070312,156.9967498779297
R-160-1-5_masks.tif,204,15561.0,975.7817459305202,369.68181882760973,62.929361593770494,5.87455218780108,0.9854050928705975,22.796098620185333,3284.705802968961,1973.3402094981043,0,0.0,,,
R-160-1-5_masks.tif,205,8202.0,527.698484809835,186.92211216859383,60.42904355347716,3.0932495564517026,0.9463017785162317,14.311402499950876,3327.6711777615214,1912.7603023652769,5547,0.6762984637893197,197.57040405273438,195.37985229492188,175.4130096435547
R-160-1-5_masks.tif,206,16468.0,999.8822509939085,396.96330694608184,58.09594275058939,6.83289207733968,0.9892327380373459,72.35270573700714,4173.988705367987,1885.7192130191888,10841,0.6583070196745203,195.16354370117188,195.9571990966797,166.55429077148438
R-160-1-5_masks.tif,207,14805.0,925.539105243401,361.8283154671364,58.31142028466268,6.205102082932904,0.9869286674776834,-26.988700258165142,2612.464775413712,1947.6837554880108,4811,0.3249577845322526,205.10995483398438,200.26231384277344,152.96279907226562
R-160-1-5_masks.tif,208,19057.0,1111.4802307403552,394.13159199622027,69.25716639437256,5.690842009791569,0.9844400224874631,35.177660867171014,3496.24180091305,1963.7413024085638,8001,0.4198457259799549,192.9842529296875,191.7875213623047,152.69590759277344
R-160-1-5_masks.tif,209,5273.0,445.84062043356596,153.5429202310825,45.06041006842041,3.4074905221222043,0.9559679450936692,-61.03685500361385,3086.5120424805614,1857.3711359757253,4234,0.8029584676654655,209.81907653808594,202.7992401123047,154.60462951660156
R-160-1-5_masks.tif,210,14059.0,913.539105243401,334.61483219337646,56.01061122082412,5.974132845544996,0.9858910455604729,-64.49673882309337,1087.5436375275624,1909.3673091969556,5343,0.38004125471228395,205.83267211914062,200.6419677734375,170.6385955810547
R-160-1-5_masks.tif,211,5799.0,457.59797974644664,161.19331894553247,48.85183346508541,3.299637035337434,0.9529703206598933,-33.27493054138383,3961.0524228315226,1913.7635799275738,3889,0.6706328677358165,204.32785034179688,201.83465576171875,176.9405975341797
R-160-1-5_masks.tif,212,8295.0,545.0121933088197,199.83996922344411,54.66715053843988,3.6555768364572834,0.9618564652566615,-65.59248188413791,997.5039180229054,1900.5927667269439,5916,0.7132007233273056,208.71298217773438,203.84803771972656,161.8466796875
R-160-1-5_masks.tif,213,11469.0,784.7106781186548,287.8028750142544,59.84788188010134,4.808906614119375,0.9781399933527551,57.98294784563633,1380.9736681489233,1980.2338477635365,7412,0.6462638416601273,203.43173217773438,198.74392700195312,163.17295837402344
R-160-1-5_masks.tif,214,17816.0,1068.208152801713,387.0277027237595,60.81353939095747,6.364169995691908,0.9875779783949735,-46.29741971363256,793.0144813650651,2048.9005388414907,6379,0.3580489447687472,204.73428344726562,197.11961364746094,149.03338623046875
R-160-1-5_masks.tif,215,6282.0,493.1126983722081,180.92805427011513,53.3199435527805,3.3932529221644345,0.95558906294235,-80.54379667867015,3842.6946832219037,1986.8737663164598,4111,0.654409423750398,209.82608032226562,206.3539276123047,167.79640197753906
R-160-1-5_masks.tif,216,13373.0,862.8111831820431,331.2470937342961,58.69697611486435,5.643341712971335,0.9841748673465344,69.65763657285783,1366.4510581021461,2029.1110446421894,5006,0.3743363493606521,201.21534729003906,196.69137573242188,170.61166381835938
R-160-1-5_masks.tif,217,17424.0,1108.9949493661165,420.48387483417343,74.94253070183551,5.610750943374199,0.9839889888412356,30.766677722784312,3794.295282369146,2128.7963728191003,8926,0.5122819100091828,195.83676147460938,195.41854858398438,168.25140380859375
R-160-1-5_masks.tif,218,15612.0,981.2964645562816,386.3816548880992,53.51289113846592,7.220347222285696,0.9903627840372269,-71.38303783160973,2773.845375352293,2055.4217909300537,6147,0.39373558800922365,205.03384399414062,204.55490112304688,162.95933532714844
R-160-1-5_masks.tif,219,9222.0,525.5979797464466,186.12038735641156,65.58890118065332,2.837681132113725,0.9358493199455099,25.158400845965996,3375.2327044025155,2056.9454565170245,7247,0.7858382129689873,208.50144958496094,205.5294647216797,183.22947692871094
R-160-1-5_masks.tif,220,23123.0,1380.492424049175,499.27671440778914,67.97443774141031,7.345065748202985,0.9906888086924496,40.64631355566743,1099.1132206028628,2198.1972927388315,8254,0.35696060199801066,191.58444213867188,187.38441467285156,160.00230407714844
R-160-1-5_masks.tif,221,14645.0,859.0538238691624,322.35231155722784,63.13194312927249,5.106009661339922,0.9806343342226909,21.84940862451068,3551.6178900648683,2162.597746671219,12731,0.8693069306930693,200.1773681640625,198.29518127441406,171.03598022460938
R-160-1-5_masks.tif,222,15388.0,914.7106781186548,341.5474834975341,62.967629984240844,5.424175621394905,0.9828588197553189,23.143212278981693,3510.2382375877305,2191.34669872628,7666,0.4981804003119314,209.07762145996094,204.54238891601562,182.7654571533203
R-160-1-5_masks.tif,223,13980.0,655.1126983722081,261.2133623971659,70.40757122520625,3.710018082595785,0.9629890641138183,88.24968995708369,1416.693991416309,2105.8321173104437,8758,0.6264663805436338,202.5412139892578,198.44313049316406,168.95306396484375
R-160-1-5_masks.tif,224,11959.0,760.0832611206852,290.1081128914852,66.84564701888381,4.339970152574483,0.9730921407164685,-80.05811775965539,4978.996069905511,2120.330796889372,5153,0.43088887030688183,201.35940551757812,199.08810424804688,147.22181701660156
R-160-1-5_masks.tif,225,18625.0,1111.9655121145938,417.33983147315087,68.96285978556926,6.051660745665318,0.9862527337218363,40.92955803026479,2732.4595973154364,2254.4250201342284,7237,0.38856375838926177,193.54014587402344,192.8842010498047,156.29542541503906
R-160-1-5_masks.tif,226,10091.0,637.4558441227157,272.1873065704823,49.31621955703406,5.519224892242571,0.9834490560326196,85.50064546143417,1338.1664849866218,2150.171836289763,7271,0.7205430581706471,208.82931518554688,208.96038818359375,176.6455841064453
R-160-1-5_masks.tif,227,17859.0,1135.7817459305202,414.82977982621486,95.22363887002656,4.356373950300594,0.9732971755353118,8.940232934604802,3802.710958060362,2300.5380480430035,7783,0.43580267652164173,200.92111206054688,197.1255340576172,162.02313232421875
R-160-1-5_masks.tif,228,16305.0,987.7817459305202,374.52735018118716,72.62060262894052,5.157315370885284,0.9810214316978942,-26.083772474901128,3928.528058877645,2302.014964734744,7273,0.4460594909536952,204.48562622070312,203.97442626953125,160.60498046875
R-160-1-5_masks.tif,229,15007.0,853.9827560572969,331.7354399406541,63.11175916093809,5.256317433565944,0.9817362065733709,18.595561231201977,3487.3203838208838,2288.535416805491,9950,0.6630239221696541,203.22442626953125,200.15869140625,176.7803955078125
R-160-1-5_masks.tif,230,12269.0,881.2548339959391,362.71188348681926,50.45912367990154,7.188231919915242,0.9902760543953092,10.70732936467954,3764.290162197408,2305.0314614067975,1399,0.11402722308256581,229.29092407226562,220.4867706298828,240.6168670654297
R-160-1-5_masks.tif,231,14079.0,888.9116882454314,348.37779949922435,66.76097043346344,5.218285432900217,0.9814664930238146,7.280185519962385,3682.7850699623555,2323.0178279707366,8866,0.6297322253000923,206.407958984375,202.53384399414062,175.42002868652344
R-160-1-5_masks.tif,232,15904.0,958.4264068711929,399.50469885209696,52.1637723652349,7.658661955176216,0.9914389466735297,10.693339735440617,3732.775213782696,2352.8397887323945,13504,0.8490945674044266,202.20223999023438,199.65899658203125,185.68417358398438
R-160-1-5_masks.tif,233,13589.0,778.9116882454314,297.35717619250784,77.02204581083173,3.8606761617683496,0.965871426055708,16.083241579395818,3423.3891382736037,2305.233276915152,7326,0.5391125174773714,184.0537872314453,184.02621459960938,164.722900390625
R-160-1-5_masks.tif,234,11645.0,741.5979797464466,307.06448101678285,51.07934704043336,6.01151930884545,0.9860672269731806,-75.08085724335567,5234.909574924861,2207.34907685702,4310,0.37011592958351225,196.9617156982422,195.78468322753906,142.4563751220703
R-160-1-5_masks.tif,235,12561.0,824.9116882454314,315.86633891687626,69.89673324741625,4.519042940086937,0.97520900215028,-11.300838481454651,3609.2441684579253,2353.4154127856063,5174,0.4119098797866412,202.5796356201172,198.81137084960938,157.48512268066406
R-160-1-5_masks.tif,236,11287.0,577.5563491861041,247.41031218387178,63.33478287592496,3.9063892058895533,0.9666791974201574,-1.9939067785120586,1067.3380880659165,2352.765659608399,7756,0.6871622220253388,190.29177856445312,187.34063720703125,165.6712188720703
R-160-1-5_masks.tif,237,5168.0,342.8700576850888,114.79820178946774,57.76879715236454,1.9872008324266957,0.8641581035299644,62.16145320206189,5273.315595975232,2297.531540247678,3941,0.7625773993808049,192.5115509033203,193.92489624023438,150.9408721923828
R-160-1-5_masks.tif,238,16280.0,1121.3380951166241,430.9545055337136,80.99034318639484,5.321060370640675,0.9821819526058418,-24.184792868589494,1755.0523955773956,2454.5092751842753,3568,0.21916461916461916,200.5751190185547,194.397705078125,158.7679443359375
R-160-1-5_masks.tif,239,14740.0,1033.3380951166241,409.76145756830095,54.09319641778055,7.5751015784604565,0.9912481939768821,-29.290074791801146,1805.3400271370422,2440.1468113975575,4317,0.292876526458616,202.62913513183594,197.51377868652344,160.23373413085938
R-160-1-5_masks.tif,240,11356.0,655.3553390593274,267.7820897612512,56.96679775296481,4.700669518453222,0.9771097900960317,13.67276072731375,5224.691616766467,2432.4033990841845,5347,0.470852412821416,188.3491668701172,191.04713439941406,156.3409423828125
R-160-1-5_masks.tif,241,17734.0,1016.953318805774,401.80423878880293,72.23938546034823,5.562121496857845,0.9837054689197026,71.81635144195727,3343.0836810646215,2457.8024134431034,4500,0.2537498590278561,191.51800537109375,188.99867248535156,150.7364501953125
R-160-1-5_masks.tif,242,19330.0,974.6101730552664,359.7493424847833,94.70933871339696,3.7984569143010556,0.9647236107095423,32.51786787122296,2107.0421624418004,2496.6148473874805,7460,0.3859286083807553,191.95697021484375,186.89503479003906,160.6193084716797
R-160-1-5_masks.tif,243,14652.0,981.9238815542512,392.1435052553281,69.4672976521073,5.64500878124244,0.98418428792533,31.632585579045617,2066.9859404859403,2532.205569205569,9081,0.6197788697788698,198.69297790527344,193.48716735839844,173.36570739746094
R-160-1-5_masks.tif,244,13117.0,823.1959594928933,292.75340283106374,58.57615875809976,4.9978252080345325,0.979778128257986,32.64975033551152,2028.3211862468552,2545.3893420751697,4880,0.37203628878554545,200.8631134033203,196.3415985107422,144.3809356689453
R-160-1-5_masks.tif,245,13733.0,929.6812408671319,344.89807534025675,61.66810292703061,5.592811501731467,0.9838852681578606,33.96335415472257,1998.7698973276051,2580.9769169154592,8141,0.5928056506225879,200.05516052246094,195.16226196289062,165.67018127441406
R-160-1-5_masks.tif,246,10089.0,566.6274169979695,227.967149709194,61.865305387632176,3.684894922619555,0.9624728021344532,5.396246327092739,1075.861928833383,2538.241351967489,6346,0.6290018832391714,189.5531005859375,185.1161346435547,159.26409912109375
R-160-1-5_masks.tif,247,14591.0,794.1248916810279,278.15558676526643,78.16639306532271,3.558506102908128,0.9597028486846351,32.59497574413991,1946.0157631416628,2601.1204852306214,7149,0.48995956411486535,197.9962158203125,193.2435302734375,154.82374572753906
R-160-1-5_masks.tif,248,18694.0,1071.4386001800126,404.47330140651695,70.72500046771053,5.718957917733476,0.9845938344447365,-24.183442912883265,4860.856638493634,2690.64646410613,7672,0.41039905852145075,198.18405151367188,197.98619079589844,152.52854919433594
R-160-1-5_masks.tif,249,15949.0,1046.7523086789975,364.3790585164604,73.93557865087504,4.928331733725437,0.9791977193252001,40.55280385393163,5019.468932221456,2657.8451940560535,10935,0.6856229230672769,192.17466735839844,193.16497802734375,171.37530517578125
R-160-1-5_masks.tif,250,11523.0,870.1248916810279,320.7877615803217,61.8847875338358,5.18362871335592,0.9812154620261482,63.82778990719456,4663.057363533802,2569.411437993578,1690,0.14666319534843356,220.5218963623047,216.20828247070312,183.71124267578125
R-160-1-5_masks.tif,251,17751.0,1054.1665222413703,392.8979965869533,62.900255226380644,6.246365697132659,0.9871019206761116,61.85522699149124,1597.5115204777196,2631.1118246859332,5652,0.31840459692411693,183.64401245117188,180.6102294921875,154.2982940673828
R-160-1-5_masks.tif,252,15611.0,1013.9238815542512,402.21701014763573,57.69177614108657,6.971825744522143,0.9896598194276232,62.50350229000132,4657.863685862533,2616.3588495291783,7721,0.49458715008647747,197.3957977294922,196.09649658203125,158.75042724609375
R-160-1-5_masks.tif,253,9436.0,661.9411254969543,256.1626001332153,57.69224448393709,4.440156600330173,0.9743085630375583,88.28823727490531,1305.8845909283596,2586.957185247986,5248,0.556167867740568,205.92892456054688,201.16673278808594,167.7644805908203
R-160-1-5_masks.tif,254,10911.0,761.2964645562816,279.5775953192761,67.67088433725249,4.131431088234945,0.9702645559071253,47.040941986239226,1881.0843185775823,2631.915864723673,4791,0.4390981578223811,194.21519470214844,188.66290283203125,159.1335906982422
R-160-1-5_masks.tif,255,16552.0,1069.681240867132,428.6556614406505,55.57375014789071,7.713275787578283,0.9915602646639166,65.09980240390358,4612.65750362494,2644.14819961334,861,0.05201788303528274,246.05691528320312,241.23460388183594,241.26248168945312
R-160-1-5_masks.tif,256,8443.0,671.8822509939085,231.23233429016994,47.41847895615152,4.876418210377298,0.9787476134204186,48.078314722482254,1855.843065261163,2660.8853488096647,4357,0.5160487978206798,199.83314514160156,195.7057647705078,170.58526611328125
R-160-1-5_masks.tif,257,11178.0,729.8822509939085,257.9616552849308,65.29435447011947,3.950749760501596,0.9674358021314406,49.765157949895574,1822.6840221864377,2688.311057434246,5271,0.47155126140633385,191.206787109375,189.40447998046875,168.85714721679688
R-160-1-5_masks.tif,258,16495.0,1076.5096679918781,409.97924224202137,78.4191719866834,5.228048599029345,0.9815362999920888,65.70788409805569,4595.351197332525,2710.3841770233403,3542,0.21473173688996666,197.8613739013672,196.37803649902344,156.11717224121094
R-160-1-5_masks.tif,259,17112.0,969.0538238691624,386.2823424605823,57.663794698279816,6.698871353884478,0.9887951337684083,-18.79729198351802,3949.6943665264143,2775.3939340813463,9440,0.5516596540439458,198.57754516601562,198.0812530517578,162.5052947998047
R-160-1-5_masks.tif,260,14807.0,893.0121933088197,378.54374820416854,61.457759856542104,6.159413377379602,0.9867327213227916,-87.6806008534576,1291.823799554265,2634.8485851286555,6365,0.4298642533936652,204.57455444335938,198.4444580078125,161.56292724609375
R-160-1-5_masks.tif,261,14231.0,805.840620433566,333.45584699347546,59.536844673906536,5.600831700434749,0.983931763180426,-14.968913061381947,4021.144473332865,2743.8422458014193,5609,0.3941395544937109,205.70030212402344,200.94883728027344,179.75253295898438
R-160-1-5_masks.tif,262,8451.0,730.2253967444162,275.3144996753327,39.935914307476814,6.893907512812051,0.9894235030084393,64.73748762775567,4606.076322328719,2680.2241154892913,4807,0.568808425038457,201.36550903320312,194.32577514648438,171.48928833007812
R-160-1-5_masks.tif,263,11835.0,738.6690475583121,294.96637444150787,52.64660694256167,5.602761347247338,0.9839429196919968,-16.676117920864133,4064.1474440219686,2756.579890156316,7601,0.6422475707646811,203.9447479248047,199.1844482421875,175.9198760986328
R-160-1-5_masks.tif,264,14527.0,839.2548339959391,328.1700720569767,69.99685519126314,4.688354514788805,0.9769879617396423,-85.94387049433259,4335.321057341502,2676.1214290631237,5440,0.3744751153025401,200.55551147460938,198.00550842285156,156.7762908935547
R-160-1-5_masks.tif,265,13777.0,814.0416305603426,375.64485850328566,50.922488925825945,7.376796901079454,0.9907691126096534,89.74154864801818,1300.7663497132903,2676.55672497641,5869,0.4259998548305146,198.4499969482422,192.3336181640625,141.02011108398438
R-160-1-5_masks.tif,266,17724.0,1132.7523086789975,408.4260335753714,96.16946221954774,4.246941015880541,0.9718831696031381,44.350756066793316,1556.086041525615,2837.2957571654256,6787,0.3829271044910855,196.65419006347656,190.65744018554688,174.26065063476562
R-160-1-5_masks.tif,267,16098.0,969.095454429505,348.3255028841481,68.29106426780075,5.100601471346283,0.9805928388605639,56.54890507664325,1632.4144614237794,2735.469934153311,8686,0.5395701329357684,198.75051879882812,196.14633178710938,166.17039489746094
R-160-1-5_masks.tif,268,15050.0,999.2375900532359,349.63230173287064,60.34615179581644,5.793779575470946,0.9849921921622741,54.41745785048355,5118.221262458472,2803.0904983388705,9283,0.6168106312292359,193.86318969726562,191.00225830078125,160.8301239013672
R-160-1-5_masks.tif,269,12784.0,779.1543289325507,290.41129255819965,63.51737862170724,4.572154878868864,0.9757887267056677,71.76777472872692,5197.8359668335415,2738.8110919899873,10278,0.8039737171464331,201.12765502929688,201.21998596191406,172.2592010498047
R-160-1-5_masks.tif,270,20010.0,1039.7228714274745,382.44563695494486,69.64536262738359,5.491329537633458,0.9832790416911608,41.59327421077494,2167.451574212894,2824.951324337831,8587,0.4291354322838581,181.26971435546875,180.08978271484375,163.5224151611328
R-160-1-5_masks.tif,271,20634.0,1106.6101730552664,417.03128636972264,75.22868273130564,5.54351440472823,0.983594984778628,-20.348383070765784,4069.097605893186,2902.8186972957255,10904,0.5284481923039643,205.550537109375,204.81732177734375,159.06666564941406
R-160-1-5_masks.tif,272,16294.0,1050.8528137423857,395.23497268229755,71.1782648197455,5.552748071102961,0.9836499523011638,-64.2353891937844,4290.8625260832205,2757.6788388363816,6389,0.3921075242420523,203.26890563964844,200.31398010253906,149.86915588378906
R-160-1-5_masks.tif,273,15656.0,869.0121933088197,356.06069205762503,62.39775677016454,5.7063059713690745,0.9845249045261526,88.55064351201305,1289.9520311701583,2732.0455416453756,5482,0.35015329586101174,206.145751953125,203.58792114257812,177.0638427734375
R-160-1-5_masks.tif,274,2956.0,306.72792206135784,120.32347520049527,36.5036861294636,3.2962006843297207,0.95286978470912,77.5597462561384,5390.742895805142,2721.1759133964815,0,0.0,,,
R-160-1-5_masks.tif,275,19036.0,1013.9238815542512,362.53480798757533,77.00666163858858,4.7078369620675335,0.9771802486439054,30.777877309504408,1912.2741122084471,2861.2668627862995,10936,0.5744904391678924,187.36668395996094,184.0067596435547,171.13734436035156
R-160-1-5_masks.tif,276,14404.0,677.9411254969543,264.2731998269493,71.77672309074315,3.6818788661171395,0.9624100940859757,-6.337894953146098,2009.9645931685643,2843.5828936406556,6870,0.47695084698694806,193.5085906982422,187.26695251464844,153.00233459472656
R-160-1-5_masks.tif,277,19524.0,1086.9949493661165,407.67314724777594,81.93767623340787,4.975405283480058,0.9795935697290515,33.25985147355709,1834.9979000204876,2906.2659803318993,9744,0.4990780577750461,193.90403747558594,187.775146484375,160.29946899414062
R-160-1-5_masks.tif,278,11964.0,895.6812408671319,332.54937664432936,47.196393425544,7.046076034791768,0.9898777056309711,31.766763621083413,1864.205533266466,2873.3281511200266,7343,0.613757940488131,198.187255859375,195.364013671875,179.49176025390625
R-160-1-5_masks.tif,279,14659.0,886.2670273047588,312.6125826720707,71.20647778132606,4.390226737967561,0.9737129342152477,42.41546727993647,2135.8147895490824,2878.543897946654,9549,0.6514086909066102,189.72425842285156,187.2274627685547,166.28285217285156
R-160-1-5_masks.tif,280,9769.0,632.7695526217004,237.07176181671295,59.51314819471699,3.9835190879342175,0.9679781871863674,82.42437408574834,1256.6595352646125,2781.080151499642,4507,0.4613573548981472,203.11183166503906,202.14178466796875,164.1484375
R-160-1-5_masks.tif,281,13504.0,824.953318805774,306.6149807586067,59.58036699680021,5.1462418950033255,0.9809388748380352,59.07523034393094,1645.3960308056871,2808.8939573459716,8339,0.6175207345971564,196.30914306640625,191.68545532226562,168.033935546875
R-160-1-5_masks.tif,282,14919.0,1038.3086578651014,392.9543695376798,55.099126506601394,7.131771308399965,0.9901207093137536,43.25145429152886,4654.770158857832,2868.5974931295664,5701,0.3821301695824117,203.04666137695312,201.41448974609375,184.82003784179688
R-160-1-5_masks.tif,283,17353.0,980.7523086789973,349.45589185955777,64.29759823990041,5.43497582220264,0.982927467883701,-58.569281821967756,1313.203999308477,2855.359937762923,6004,0.3459920474845848,207.30245971679688,199.7126922607422,151.11724853515625
R-160-1-5_masks.tif,284,11384.0,773.539105243401,280.7084036596496,56.226047429118466,4.992497543305449,0.9797344997367551,57.409490142353455,1639.9820801124386,2859.1708538299367,6637,0.583011243851019,197.6566162109375,191.93536376953125,178.05996704101562
R-160-1-5_masks.tif,285,19469.0,1068.7523086789975,387.1273589045303,85.67991808047196,4.5182974911452884,0.9752007171960793,40.946273112606605,4601.205968462684,2928.89855667985,11515,0.591453079254199,187.43499755859375,185.4935302734375,157.1183624267578
R-160-1-5_masks.tif,286,13817.0,856.6101730552664,311.792114599686,66.22485042807466,4.708083334039636,0.9771826647597281,35.64576102945646,4719.72345661142,2870.47542881957,5294,0.38315119056235075,188.1112518310547,187.60275268554688,160.98280334472656
R-160-1-5_masks.tif,287,12425.0,709.9411254969543,288.98651867441487,59.00110940478989,4.897984488592583,0.9789363630662394,89.58436597946509,5290.0821730382295,2802.724828973843,5995,0.4824949698189135,198.14060974121094,196.49557495117188,167.43870544433594
R-160-1-5_masks.tif,288,15709.0,970.1665222413704,354.36044297329704,64.94775136196935,5.456084861173431,0.983060452170556,-56.15901964345825,1333.785791584442,2904.4694760965053,4975,0.31669743459163535,207.8663330078125,201.89486694335938,147.80201721191406
R-160-1-5_masks.tif,289,10422.0,875.5807358037436,309.49518204803013,46.78565019293592,6.615173258717697,0.9885081438941575,42.21042345923573,4656.661581270389,2925.3633659566303,843,0.08088658606793322,221.7497100830078,215.60617065429688,221.7034454345703
R-160-1-5_masks.tif,290,13753.0,711.5979797464466,280.0410137911395,63.62462454963938,4.401456445100968,0.9738486975607713,-10.67760389197905,5064.171235366829,2949.3176034319786,5383,0.3914055115247582,198.62696838378906,199.90005493164062,160.87850952148438
R-160-1-5_masks.tif,291,15131.0,1036.8111831820431,436.54572762748506,56.91642302327597,7.669943127820238,0.9914642201675133,-13.268578048393486,4440.521644306391,3034.667834247571,5789,0.38259202960808936,202.20037841796875,197.5674591064453,156.47314453125
R-160-1-5_masks.tif,292,14684.0,959.9827560572969,399.6021531481112,61.50891354191482,6.496654389380574,0.9880824748896339,-13.058061757535,4376.815377281395,3010.40125306456,7318,0.4983655679651321,199.5121612548828,195.6262664794922,162.8543243408203
R-160-1-5_masks.tif,293,5405.0,410.62741699796953,154.99248504625453,46.34391833535908,3.344397509176511,0.954250755251322,78.87344712873507,5369.975948196115,2864.898427382054,66,0.012210915818686401,237.60606384277344,230.34848022460938,223.0454559326172
R-160-1-5_masks.tif,294,15906.0,889.539105243401,336.9004824659469,68.38560464379802,4.926482469823433,0.9791819331581231,29.286751954523627,4937.927008675972,2990.5368414434806,10961,0.6891110272853012,193.00857543945312,191.63433837890625,162.18930053710938
R-160-1-5_masks.tif,295,10001.0,828.4264068711929,321.79497144163884,40.89619826456146,7.868579112413238,0.9918914780798853,-14.595159864931688,4410.962103789621,3017.6030396960305,277,0.027697230276972302,219.47653198242188,208.1949462890625,227.08303833007812
R-160-1-5_masks.tif,296,15257.0,996.5685424949238,392.2216375893557,57.888728823383026,6.775440496992315,0.9890483491680344,13.228522786669677,1043.562430359835,3055.423412204234,5340,0.3500032771842433,191.60618591308594,186.16104125976562,145.6865234375
R-160-1-5_masks.tif,297,9549.0,628.9116882454314,234.02367903059073,53.114807083713934,4.405996969201967,0.9739032911286813,27.5950522970507,4972.788983139596,2958.976332600272,8499,0.8900408419729815,197.97093200683594,196.08648681640625,174.6092529296875
R-160-1-5_masks.tif,298,18517.0,1048.5512985522207,374.40386173019675,64.05012526779763,5.845482115215084,0.9852584799296824,46.28809513356212,1654.954960306745,3010.715072635956,10843,0.5855700167413728,190.26312255859375,186.176513671875,164.4298553466797
R-160-1-5_masks.tif,299,17988.0,959.9238815542512,354.2492826649583,73.92591558181368,4.79194988492109,0.9779832682282471,-37.569743635440105,5193.332944185012,3014.9003780297976,8223,0.45713809206137423,194.98382568359375,194.24224853515625,145.79641723632812
R-160-1-5_masks.tif,300,16736.0,935.840620433566,395.7031894070336,55.997560634900765,7.0664361968726475,0.9899362473736966,12.30541954926947,1002.2272347036329,3071.3148303059274,5333,0.31865439770554493,198.11419677734375,192.37933349609375,179.47891235351562
R-160-1-5_masks.tif,301,5009.0,381.55634918610406,147.3968023076638,47.2900909039406,3.1168644316431515,0.947135015751957,-84.24030747215103,5378.409063685366,2916.506687961669,1141,0.22778997803952886,182.2944793701172,179.43470764160156,140.23049926757812
R-160-1-5_masks.tif,302,9009.0,721.0121933088197,293.5981376262477,45.8017548295627,6.410194079217792,0.9877568155796206,-14.40602518246566,4478.355311355312,3053.016428016428,5173,0.5742035742035742,204.31201171875,199.730712890625,165.99072265625
R-160-1-5_masks.tif,303,11807.0,697.840620433566,262.6577061295748,64.32917004067023,4.083026502028818,0.969544210051282,-18.750576438309892,4215.0561531295,3021.2855085965953,6005,0.5085965952401118,197.08592224121094,194.64329528808594,155.744384765625
R-160-1-5_masks.tif,304,11406.0,669.698484809835,275.112004085811,55.227701632011744,4.981413239299955,0.9796432745272969,-5.829966722332172,4277.750219182886,3052.267227774855,5861,0.5138523584078555,199.67190551757812,195.4910430908203,159.17984008789062
R-160-1-5_masks.tif,305,8136.0,623.1126983722081,263.41324876301576,46.10363638135454,5.713502652678968,0.9845641699923803,-5.527859731356439,4319.810717797443,3052.7170599803344,220,0.02704031465093412,228.10000610351562,221.80909729003906,217.06817626953125
R-160-1-5_masks.tif,306,18784.0,1002.5096679918781,340.91694197959924,86.59732524894764,3.9368068355407106,0.9672008119488805,37.98233176408391,1577.7317930153322,3047.7501064735948,8846,0.4709327086882453,188.31427001953125,184.1137237548828,159.6673126220703
R-160-1-5_masks.tif,307,11128.0,644.4264068711929,239.05109964956438,65.12932076676346,3.670406766648732,0.9621701213672539,-15.00878087095276,4527.980859094177,3046.584741193386,3372,0.303019410496046,202.52342224121094,195.7378387451172,147.04595947265625
R-160-1-5_masks.tif,308,5096.0,436.5269119345812,162.86800917690704,43.16565261706655,3.7730927091905793,0.964238910867947,66.95729625511044,5375.665620094192,2982.443485086342,1647,0.32319466248037676,196.46083068847656,193.0467529296875,143.3114776611328
R-160-1-5_masks.tif,309,3251.0,336.14213562373095,119.68271357773635,38.02173685647842,3.147744513342608,0.9481953742065867,79.60265254629513,5390.035681328822,2952.1842509996923,1620,0.49830821285758226,204.727783203125,205.32098388671875,154.80308532714844
R-160-1-5_masks.tif,310,17662.0,988.0832611206852,409.20021389553943,65.37500034633332,6.259276661227432,0.9871554211719351,0.791762508762879,1401.8924810327255,3138.2890386139734,6636,0.3757218888008153,189.91334533691406,183.94725036621094,154.58694458007812
R-160-1-5_masks.tif,311,13529.0,930.0243866176395,339.99628606755454,78.53165526558266,4.3294170346688405,0.9729589780088397,36.29016452284274,1490.4239042057802,3105.076724074211,4517,0.333875378815877,196.31680297851562,190.96945190429688,161.37612915039062
R-160-1-5_masks.tif,312,15204.0,844.5269119345812,356.41407705446915,62.152488804019576,5.734510136485779,0.9846779346893265,1.0018378027415558,4091.7977505919494,3109.8563535911603,5652,0.3717442778216259,185.54458618164062,183.5350341796875,146.57962036132812
R-160-1-5_masks.tif,313,16674.0,967.5807358037436,331.56654544810544,66.28365056373514,5.0022372429425435,0.9798141517023407,37.534741482727746,1536.9627563871895,3087.233177401943,4086,0.24505217704210147,193.2173309326172,189.67230224609375,165.34042358398438
R-160-1-5_masks.tif,314,13815.0,745.9411254969543,302.5006474051509,63.59491988165281,4.756679432383759,0.9776518076030642,5.718438574719532,5331.161708288093,3107.6748461816865,7517,0.5441187115454217,190.32992553710938,190.30145263671875,148.6563720703125
R-160-1-5_masks.tif,315,18770.0,1015.3553390593274,449.32964363181947,58.42438834223165,7.690789007490982,0.9915106277404188,-4.341978713299165,3936.740063931806,3183.659350026638,10488,0.5587639850825786,193.19631958007812,193.111083984375,166.1019287109375
R-160-1-5_masks.tif,316,8311.0,641.2132034355964,276.62632399236105,39.87543438777257,6.937261706099079,0.9895559803639472,5.237446161406044,5290.333052580917,3109.3020093851524,327,0.03934544579472988,219.61468505859375,204.63914489746094,231.53822326660156
R-160-1-5_masks.tif,317,11330.0,813.1543289325507,308.16180418575806,66.77142373151003,4.615174980016695,0.9762434587428009,9.183241538490085,5258.0098852603705,3128.2924095322155,4367,0.38543689320388347,193.05496215820312,192.9551239013672,167.09274291992188
R-160-1-5_masks.tif,318,17559.0,941.1543289325507,372.573242015157,74.84506782537775,4.977926439781092,0.979614449889148,12.200337985474224,1341.1178313115781,3162.969645196196,9549,0.5438236801640185,200.20870971679688,195.5839385986328,171.12860107421875
R-160-1-5_masks.tif,319,17208.0,1046.7523086789975,379.1540704324627,81.26776672646317,4.665491445195565,0.9767591803394872,-51.09737106111142,3025.2726638772665,3092.3207229195723,5980,0.3475127847512785,203.27273559570312,201.48294067382812,157.52391052246094
R-160-1-5_masks.tif,320,11845.0,823.4974746830583,311.58463136282603,65.05410767121614,4.789622708185879,0.9779616269752418,10.620538144840095,1249.3187842971718,3153.414014352047,6091,0.5142254115660616,201.2979736328125,197.12049865722656,173.38433837890625
R-160-1-5_masks.tif,321,12484.0,817.840620433566,312.6570589047567,52.38769571235189,5.968139171867391,0.9858624894015602,12.906511661501186,1298.5882729894265,3183.5802627363023,4973,0.39834988785645625,193.9626007080078,191.48321533203125,166.56887817382812
R-160-1-5_masks.tif,322,15914.0,914.7523086789973,338.2554496973463,67.29627566138065,5.026362103593515,0.9800094291096817,-48.01662601197196,4769.104876209627,3159.4930878471787,6518,0.409576473545306,200.70651245117188,196.71817016601562,150.7760009765625
R-160-1-5_masks.tif,323,9564.0,796.5096679918781,291.0434513725206,43.24993243231749,6.72933886840122,0.9888969339175759,-47.47883032266826,4738.141572563781,3129.8942910915935,5245,0.5484107068172313,201.3147735595703,197.5027618408203,158.50753784179688
R-160-1-5_masks.tif,324,17656.0,1111.379725676967,381.27146389786213,64.578818971005,5.903970837079689,0.9855512428037672,39.74920937901699,1190.3069211599457,3206.7644993203444,4758,0.26948346171273224,186.46974182128906,180.6868438720703,151.10003662109375
R-160-1-5_masks.tif,325,12683.0,954.9949493661167,363.9015060441245,52.029528599640294,6.994134212598658,0.9897260180742976,54.140108482938935,2764.6943940708034,3129.25041393992,5697,0.4491839470156903,189.5279998779297,188.39898681640625,168.29664611816406
R-160-1-5_masks.tif,326,16620.0,949.6812408671319,342.9358518975516,65.37460289786115,5.245704550333435,0.981661539831973,-61.91666382140335,4581.89789410349,3133.9585439229845,5903,0.3551744885679904,199.79823303222656,192.89869689941406,140.82652282714844
R-160-1-5_masks.tif,327,10564.0,776.0243866176395,290.8876093206732,50.83811987913737,5.721840422349015,0.9846094742197234,-46.00306062190058,4667.828379401742,3145.5440174176447,4998,0.47311624384702766,204.7078857421875,200.3429412841797,157.19207763671875
R-160-1-5_masks.tif,328,15650.0,801.7401153701776,295.77765365311956,74.25032822533946,3.983519813615845,0.967978199046232,-72.95434585962303,3149.793482428115,3119.7361022364216,6273,0.4008306709265176,193.16355895996094,189.48239135742188,152.0755615234375
R-160-1-5_masks.tif,329,14767.0,926.5096679918781,336.9489157691418,57.46657686003004,5.863389367872741,0.9853490543824895,57.548151975316635,2740.5592198821696,3165.240536331008,7513,0.5087695537346787,199.80780029296875,194.39144897460938,162.20005798339844
R-160-1-5_masks.tif,330,11334.0,940.2670273047588,343.32385957168316,53.439078263625916,6.424584231748838,0.9878119381179534,58.535660310414144,2716.600405858479,3199.3643020998766,5985,0.5280571731074643,203.56993103027344,198.86717224121094,183.0536346435547
R-160-1-5_masks.tif,331,16452.0,811.7817459305202,291.4207799892287,79.67252589089419,3.6577324081366336,0.9619022995037382,42.94674969954329,5024.677060539752,3181.2313396547534,10788,0.6557257476294676,188.38644409179688,186.4983367919922,158.77854919433594
R-160-1-5_masks.tif,332,19018.0,942.2670273047588,343.234300683717,71.96329707949704,4.769574416588361,0.9777738567160622,-30.377420782578564,2178.616416026922,3244.1078977810494,7488,0.39373225365443265,193.29940795898438,191.1705322265625,165.70486450195312
R-160-1-5_masks.tif,333,11755.0,743.3553390593274,298.82035790576487,58.338395607084976,5.1221901938879215,0.980757688140357,-3.991777800924587,5209.109230114845,3244.7692045937897,7390,0.628668651637601,196.3932342529297,197.00244140625,178.89865112304688
R-160-1-5_masks.tif,334,14231.0,810.9116882454314,319.084668223069,59.32652648899945,5.378448513789778,0.9825635182958851,-74.0502065623218,3167.0742744712247,3169.7373339891788,11171,0.7849764598411918,204.66815185546875,202.2395477294922,167.53208923339844
R-160-1-5_masks.tif,335,15984.0,967.1959594928933,347.88912324599335,87.20573423528202,3.9892918315140227,0.9680723222949033,60.090763215135624,2701.088713713714,3239.59009009009,6173,0.3861986986986987,197.67762756347656,193.844970703125,161.3204345703125
R-160-1-5_masks.tif,336,9206.0,642.0416305603426,269.9902943421097,45.3577794491018,5.952458379164684,0.9857873676631815,-5.3248218268459695,5169.804475342168,3246.0960243319573,4722,0.5129263523788833,196.40554809570312,195.1490936279297,172.5093231201172
R-160-1-5_masks.tif,337,16383.0,1022.3675323681471,407.2604332368147,69.65451379520549,5.846863484457307,0.9852654967946967,24.302839178427668,4963.139351767076,3281.4826954770188,7430,0.4535188915339071,189.10121154785156,187.6693115234375,158.44427490234375
R-160-1-5_masks.tif,338,12619.0,960.8528137423857,361.7910376755853,63.35183172017735,5.710822052842965,0.9845495620313518,23.03074658490052,4898.147951501704,3314.6357080592757,3364,0.26658213804580394,199.33145141601562,193.89535522460938,170.45689392089844
R-160-1-5_masks.tif,339,15485.0,974.0243866176395,363.668695275514,77.01521506538425,4.7220370022568545,0.97731887901326,-59.368961697079115,2356.746206005812,3278.6466257668712,5079,0.32799483371004196,201.1074981689453,201.32644653320312,157.1013946533203
R-160-1-5_masks.tif,340,13909.0,746.9116882454314,277.3891518216513,77.60650341602901,3.574302920653925,0.9600656452791235,-76.21327528754651,3159.15745200949,3226.799554245453,9665,0.6948738227047235,200.42503356933594,198.83331298828125,172.40185546875
R-160-1-5_masks.tif,341,16323.0,915.0121933088197,351.9439683653364,65.18177342571018,5.399423026844438,0.982699912330799,7.963169205680969,1456.3585125283344,3357.858053053973,8138,0.49856031366783066,193.8777313232422,190.51707458496094,153.95428466796875
R-160-1-5_masks.tif,342,7404.0,489.59797974644664,171.16054311736525,56.884091827135485,3.008935145479748,0.9431584205723178,26.078024399138332,4540.107914640735,3255.7983522420313,4243,0.5730686115613182,191.98797607421875,192.48150634765625,156.2163543701172
R-160-1-5_masks.tif,343,10193.0,802.8111831820431,284.8568135311012,47.25491470720404,6.028088618847398,0.9861442526522908,24.316849167634683,4937.973118807025,3316.6340625919747,5149,0.5051505935445895,200.6597442626953,198.0394287109375,164.79412841796875
R-160-1-5_masks.tif,344,10347.0,736.953318805774,277.9197272508255,52.042943326584336,5.340200024944781,0.9823105940282109,39.08326806163358,4495.563544988886,3325.7603170000966,7729,0.7469798009084759,192.54159545898438,192.1887664794922,175.75494384765625
R-160-1-5_masks.tif,345,14622.0,961.6812408671319,340.318418291233,74.77424781564581,4.551278391061589,0.9755633176086116,54.60700563155636,967.0705101901244,3301.1778142524963,4737,0.32396389002872383,183.95567321777344,180.38294982910156,143.8408203125
R-160-1-5_masks.tif,346,15245.0,873.095454429505,327.2542756602214,62.04601771280354,5.274380012187159,0.9818622378115819,39.89187921128623,4454.602427025254,3353.6615283699575,9400,0.6165956051164316,198.8968048095703,197.26425170898438,178.08372497558594
R-160-1-5_masks.tif,347,15978.0,1045.1370849898476,361.9229746948408,58.39310994613726,6.19804245789759,0.9868986760373474,44.68977656645758,4715.321003880335,3353.6229190136437,7100,0.44436099637000875,201.31211853027344,198.27957153320312,178.23858642578125
R-160-1-5_masks.tif,348,2313.0,282.14213562373095,108.5123052323061,31.280548760784516,3.4690026080471044,0.9575499811128355,-84.77200606475392,5393.233030696066,3251.6653696498056,0,0.0,,,
R-160-1-5_masks.tif,349,14710.0,924.7523086789973,329.5520870866016,68.27316856993356,4.826963417539862,0.9783050463631048,45.88409961036436,4669.482188987084,3376.2052345343304,10722,0.7288919102651258,200.418212890625,194.78558349609375,165.65939331054688
R-160-1-5_masks.tif,350,14175.0,935.6396103067893,346.1187670022175,53.997626268190835,6.409888562196126,0.9877556412144889,72.23312861372946,1158.2563668430334,3304.7475837742504,3894,0.27470899470899474,191.6337890625,189.60118103027344,162.41961669921875
R-160-1-5_masks.tif,351,14761.0,899.9827560572969,350.4210948730272,79.77377506184858,4.392685373123508,0.9737427489495798,-87.24477654407526,4174.453424564731,3302.629632138744,4661,0.3157645145992819,194.2943572998047,191.34756469726562,153.82728576660156
R-160-1-5_masks.tif,352,23011.0,1246.651803615609,464.58070707031334,102.9468411999589,4.512821390681959,0.9751397274809944,48.88969542872619,4466.815479553257,3432.525096692886,10105,0.43913780365911953,184.80801391601562,182.02603149414062,154.4775848388672
R-160-1-5_masks.tif,353,8703.0,631.9827560572969,215.92774321582618,59.05750725895372,3.656228534486432,0.9618703311908561,42.329496842853054,4753.412616339193,3320.653797541078,6945,0.7980006894174423,193.65960693359375,190.56529235839844,160.88235473632812
R-160-1-5_masks.tif,354,14981.0,732.7695526217004,291.2026062113868,71.27301365082799,4.085734435729221,0.9695852005075594,83.66260796146439,3184.3135304719312,3308.2338295173886,5977,0.39897203123957015,186.31520080566406,180.062744140625,154.54559326171875
R-160-1-5_masks.tif,355,18521.0,896.0243866176395,332.0319036977348,78.89487376219913,4.208535838444058,0.9713600678232375,57.48565662762361,3705.76119000054,3340.6508827817074,6764,0.365207062253658,191.94898986816406,188.8407745361328,157.5133056640625
R-160-1-5_masks.tif,356,4425.0,356.97056274847716,131.67304843278524,46.56269217191258,2.827865879117116,0.9353878220593026,80.77744334117405,5385.139435028249,3283.927683615819,0,0.0,,,
R-160-1-5_masks.tif,357,17993.0,917.5979797464466,379.5565462047495,68.24796538635773,5.5614338692156835,0.9837014059061996,2.7169709787996226,1517.3912076918803,3455.590952036903,6990,0.3884844106041238,197.54034423828125,191.8490753173828,167.593994140625
R-160-1-5_masks.tif,358,16292.0,898.6101730552664,333.2540927777888,66.54809004981176,5.00771836619722,0.9798587696680208,28.46803872437784,3397.332617235453,3448.2512275963663,6523,0.40038055487355756,175.3680877685547,173.39430236816406,144.3804931640625
R-160-1-5_masks.tif,359,12948.0,832.6101730552664,305.98722509767464,55.12249069659301,5.551041348655658,0.9836398131658207,58.05466223391822,3673.736175471115,3384.494825455669,5666,0.43759654000617854,183.68389892578125,181.50634765625,155.02752685546875
R-160-1-5_masks.tif,360,14944.0,1064.953318805774,428.8461939495915,49.31576316674882,8.695925327152622,0.9933659098362088,72.00740826109579,1884.115698608137,3362.5806343683084,5148,0.34448608137044967,186.5060272216797,182.9475555419922,150.22067260742188
R-160-1-5_masks.tif,361,4351.0,358.97056274847716,138.25219616754305,44.025440638615805,3.140279669257384,0.9479420191740676,12.273402468463118,5417.974718455527,3363.40726269823,0,0.0,,,
R-160-1-5_masks.tif,362,12697.0,899.7817459305202,342.0712267452346,67.5552904537984,5.063574213764646,0.9803051112261713,57.4564940830634,4668.63180278806,3435.4390800976607,5288,0.41647633299204534,198.5514373779297,195.4272003173828,174.89144897460938
R-160-1-5_masks.tif,363,14133.0,916.8111831820431,354.8971998355823,55.227666177842956,6.4260763562369245,0.9878176324550726,72.86677678653798,1866.9714144201514,3398.905398712234,5768,0.408122833085686,207.05548095703125,203.6503143310547,174.7539825439453
R-160-1-5_masks.tif,364,17231.0,1062.3086578651014,390.6578398087037,59.76946968255227,6.5360767275260505,0.9882266562523613,52.294042936509264,2150.6552144390926,3461.15193546515,5631,0.3267947304277175,191.5242462158203,189.13905334472656,158.8328857421875
R-160-1-5_masks.tif,365,17203.0,1096.066017177982,401.91089194088045,58.13166287636079,6.913803460184816,0.9894846106774174,35.624473193414616,2298.8525257222577,3497.9432075800732,7617,0.44277160960297623,183.03860473632812,178.5460205078125,157.33438110351562
R-160-1-5_masks.tif,366,15689.0,890.7106781186548,334.6466934647179,71.33563615307382,4.691157344509055,0.9770157749213894,23.190738510334732,1434.9487539040092,3506.0511823570655,6641,0.4232902033271719,190.00677490234375,185.37660217285156,151.60276794433594
R-160-1-5_masks.tif,367,11262.0,828.5096679918781,311.3774368527715,48.95371667142267,6.3606495691172285,0.9875641375663355,39.23457914483916,1682.3467412537736,3544.333066950808,6466,0.5741431362102646,188.83653259277344,186.2655487060547,162.3673095703125
R-160-1-5_masks.tif,368,24185.0,1291.095454429505,510.4102984325719,106.64925077036709,4.785877957376062,0.9779267358879181,-76.59771094444817,4920.6312176969195,3528.426917510854,8417,0.3480256357246227,189.34786987304688,188.35641479492188,141.64227294921875
R-160-1-5_masks.tif,369,9953.0,592.8700576850888,214.59722568840883,66.64260586513836,3.2201205655535072,0.950557902351812,1.445585109876766,1571.0254194715162,3564.9015372249573,7067,0.7100371747211895,194.5445098876953,189.75718688964844,160.27748107910156
R-160-1-5_masks.tif,370,10183.0,719.6396103067893,250.78656686090605,58.3672322775808,4.296701369498288,0.9725397879001265,32.91491250263832,1641.577138367868,3562.807031326721,4039,0.396641461258961,183.77122497558594,177.2069854736328,154.29141235351562
R-160-1-5_masks.tif,371,12237.0,948.1248916810279,359.41947883323064,87.51463945356434,4.106964058555485,0.9699036934985223,71.06072550458116,1939.9553812208874,3485.2011931028846,4087,0.3339870883386451,191.13775634765625,184.9268341064453,149.4250030517578
R-160-1-5_masks.tif,372,16673.0,994.8111831820431,417.5585285589298,61.72150036294061,6.765203796141743,0.989014997135403,76.20060932817738,1916.7000539794878,3547.4175013494873,6629,0.3975889162118395,209.14361572265625,206.41409301757812,163.6700897216797
R-160-1-5_masks.tif,373,13120.0,868.6690475583121,365.1931208143611,47.10602885242753,7.752577105542649,0.991645976974106,75.83247873065764,1913.5890243902438,3588.180487804878,7982,0.6083841463414634,195.5920867919922,187.4429931640625,173.33123779296875
R-160-1-5_masks.tif,374,10754.0,731.3553390593274,276.6997385263779,57.32456560871247,4.826896385313799,0.9783044371117439,77.54881033807945,1859.4315603496373,3616.74576901618,3677,0.34191928584712666,195.74734497070312,189.8716278076172,144.40032958984375
