time,area_bin,frequency,condition
20250322,550,0.003611165,0
20250322,650,0.004587156,0
20250322,750,0.00517275,0
20250322,850,0.005953543,0
20250322,950,0.004879953,0
20250322,1050,0.006441538,0
20250322,1150,0.012395081,0
20250322,1250,0.021959789,0
20250322,1350,0.039527621,0
20250322,1450,0.062658598,0
20250322,1550,0.080031232,0
20250322,1650,0.09271911,0
20250322,1750,0.100234238,0
20250322,1850,0.092914308,0
20250322,1950,0.087936756,0
20250322,2050,0.076615264,0
20250322,2150,0.069392934,0
20250322,2250,0.057193051,0
20250322,2350,0.041577201,0
20250322,2450,0.030548507,0
20250322,2550,0.023228577,0
20250322,2650,0.018446223,0
20250322,2750,0.016201444,0
20250322,2850,0.012102284,0
20250322,2950,0.010052703,0
20250322,3050,0.006539137,0
20250322,3150,0.005758345,0
20250322,3250,0.004879953,0
20250322,3350,0.004001562,0
20250322,3450,0.002439977,0
20250323,550,0.006389145,0
20250323,650,0.005796338,0
20250323,750,0.006652615,0
20250323,850,0.00757476,0
20250323,950,0.007838229,0
20250323,1050,0.008233434,0
20250323,1150,0.012844158,0
20250323,1250,0.02555658,0
20250323,1350,0.046238967,0
20250323,1450,0.074298511,0
20250323,1550,0.101962851,0
20250323,1650,0.112304044,0
20250323,1750,0.112435779,0
20250323,1850,0.106310104,0
20250323,1950,0.094849163,0
20250323,2050,0.074693716,0
20250323,2150,0.054604136,0
20250323,2250,0.039586352,0
20250323,2350,0.028586484,0
20250323,2450,0.022263206,0
20250323,2550,0.013436965,0
20250323,2650,0.009287314,0
20250323,2750,0.007508892,0
20250323,2850,0.005071796,0
20250323,2950,0.005005928,0
20250323,3050,0.003754446,0
20250323,3150,0.002371229,0
20250323,3250,0.001976024,0
20250323,3350,0.001317349,0
20250323,3450,0.001251482,0
20250324,550,0.004036236,0
20250324,650,0.005022872,0
20250324,750,0.006637367,0
20250324,850,0.00735492,0
20250324,950,0.009328191,0
20250324,1050,0.019104852,0
20250324,1150,0.043053189,0
20250324,1250,0.081980447,0
20250324,1350,0.110951655,0
20250324,1450,0.128711095,0
20250324,1550,0.122522199,0
20250324,1650,0.115705444,0
20250324,1750,0.091757108,0
20250324,1850,0.074087362,0
20250324,1950,0.051125661,0
20250324,2050,0.038568481,0
20250324,2150,0.023948336,0
20250324,2250,0.0199121,0
20250324,2350,0.012019015,0
20250324,2450,0.009776662,0
20250324,2550,0.007265226,0
20250324,2650,0.005650731,0
20250324,2750,0.003767154,0
20250324,2850,0.002780518,0
20250324,2950,0.001704189,0
20250324,3050,0.001345412,0
20250324,3150,0.00107633,0
20250324,3250,0.000448471,0
20250324,3350,0.000358777,0
20250324,3450,0,0
20250325,550,0.008252122,0
20250325,650,0.012417479,0
20250325,750,0.016975794,0
20250325,850,0.01823326,0
20250325,950,0.022712983,0
20250325,1050,0.032301163,0
20250325,1150,0.05375668,0
20250325,1250,0.086293618,0
20250325,1350,0.108770827,0
20250325,1450,0.119380698,0
20250325,1550,0.114900975,0
20250325,1650,0.105234203,0
20250325,1750,0.0902232,0
20250325,1850,0.065938384,0
20250325,1950,0.045661742,0
20250325,2050,0.033794404,0
20250325,2150,0.022162842,0
20250325,2250,0.01485382,0
20250325,2350,0.009038038,0
20250325,2450,0.005422823,0
20250325,2550,0.003929582,0
20250325,2650,0.00337944,0
20250325,2750,0.002043383,0
20250325,2850,0.000864508,0
20250325,2950,0.001100283,0
20250325,3050,0.000785916,0
20250325,3150,0.000550141,0
20250325,3250,0.000628733,0
20250325,3350,7.86E-05,0
20250325,3450,0.000314367,0
20250326,550,0.007123915,0
20250326,650,0.011491862,0
20250326,750,0.016483802,0
20250326,850,0.021735739,0
20250326,950,0.024543705,0
20250326,1050,0.029431647,0
20250326,1150,0.037283553,0
20250326,1250,0.045083459,0
20250326,1350,0.06499922,0
20250326,1450,0.081795018,0
20250326,1550,0.09084291,0
20250326,1650,0.100150798,0
20250326,1750,0.096042847,0
20250326,1850,0.087670948,0
20250326,1950,0.083043003,0
20250326,2050,0.065883209,0
20250326,2150,0.050075399,0
20250326,2250,0.032343612,0
20250326,2350,0.02079975,0
20250326,2450,0.013883833,0
20250326,2550,0.0083719,0
20250326,2650,0.003899953,0
20250326,2750,0.002703968,0
20250326,2850,0.001715979,0
20250326,2950,0.000987988,0
20250326,3050,0.000519994,0
20250326,3150,0.000311996,0
20250326,3250,0.000571993,0
20250326,3350,0.000103999,0
20250326,3450,0.000103999,0
20250327,550,0.005626521,0
20250327,650,0.005322384,0
20250327,750,0.007831509,0
20250327,850,0.012773723,0
20250327,950,0.020605231,0
20250327,1050,0.032162409,0
20250327,1150,0.051018856,0
20250327,1250,0.071928224,0
20250327,1350,0.088123479,0
20250327,1450,0.100364964,0
20250327,1550,0.103938564,0
20250327,1650,0.102722019,0
20250327,1750,0.099756691,0
20250327,1850,0.088199513,0
20250327,1950,0.06774635,0
20250327,2050,0.04995438,0
20250327,2150,0.032998783,0
20250327,2250,0.022962287,0
20250327,2350,0.011937348,0
20250327,2450,0.007527372,0
20250327,2550,0.005778589,0
20250327,2650,0.003497567,0
20250327,2750,0.002281022,0
20250327,2850,0.001748783,0
20250327,2950,0.001368613,0
20250327,3050,0.000608273,0
20250327,3150,0.00038017,0
20250327,3250,0.000228102,0
20250327,3350,0.000152068,0
20250327,3450,0.000456204,0
20250328,550,0.019289234,0
20250328,650,0.018660237,0
20250328,750,0.016353916,0
20250328,850,0.016878079,0
20250328,950,0.015934584,0
20250328,1050,0.017507076,0
20250328,1150,0.024111542,0
20250328,1250,0.032498165,0
20250328,1350,0.041618618,0
20250328,1450,0.058601531,0
20250328,1550,0.071600797,0
20250328,1650,0.077995597,0
20250328,1750,0.076423105,0
20250328,1850,0.078414928,0
20250328,1950,0.078939092,0
20250328,2050,0.071600797,0
20250328,2150,0.058077367,0
20250328,2250,0.053884055,0
20250328,2350,0.044134605,0
20250328,2450,0.035328651,0
20250328,2550,0.028933851,0
20250328,2650,0.019394066,0
20250328,2750,0.014362092,0
20250328,2850,0.010063948,0
20250328,2950,0.006185135,0
20250328,3050,0.00524164,0
20250328,3150,0.003249817,0
20250328,3250,0.00188699,0
20250328,3350,0.00188699,0
20250328,3450,0.000943495,0
20250329,550,0.043076728,0
20250329,650,0.051616168,0
20250329,750,0.055221709,0
20250329,850,0.051299892,0
20250329,950,0.043772535,0
20250329,1050,0.041874881,0
20250329,1150,0.036877728,0
20250329,1250,0.034094503,0
20250329,1350,0.036308432,0
20250329,1450,0.033841483,0
20250329,1550,0.035549371,0
20250329,1650,0.036877728,0
20250329,1750,0.043203239,0
20250329,1850,0.04383579,0
20250329,1950,0.042444177,0
20250329,2050,0.045480423,0
20250329,2150,0.048200392,0
20250329,2250,0.046745525,0
20250329,2350,0.038901891,0
20250329,2450,0.03788981,0
20250329,2550,0.034347524,0
20250329,2650,0.027832247,0
20250329,2750,0.024416472,0
20250329,2850,0.016509583,0
20250329,2950,0.013916124,0
20250329,3050,0.010690113,0
20250329,3150,0.010626858,0
20250329,3250,0.006262256,0
20250329,3350,0.005123664,0
20250329,3450,0.003162755,0
20250330,550,0.026118015,0
20250330,650,0.029020016,0
20250330,750,0.024406578,0
20250330,850,0.023290423,0
20250330,950,0.016742317,0
20250330,1050,0.015402932,0
20250330,1150,0.01756083,0
20250330,1250,0.01756083,0
20250330,1350,0.020165191,0
20250330,1450,0.022843962,0
20250330,1550,0.024704219,0
20250330,1650,0.025373912,0
20250330,1750,0.035642533,0
20250330,1850,0.040851254,0
20250330,1950,0.042116229,0
20250330,2050,0.044646179,0
20250330,2150,0.055584493,0
20250330,2250,0.054691569,0
20250330,2350,0.057072699,0
20250330,2450,0.055510083,0
20250330,2550,0.053352184,0
20250330,2650,0.051938388,0
20250330,2750,0.048366694,0
20250330,2850,0.04233946,0
20250330,2950,0.037726021,0
20250330,3050,0.031326736,0
20250330,3150,0.025373912,0
20250330,3250,0.024778629,0
20250330,3350,0.018751395,0
20250330,3450,0.016742317,0
20250331,550,0.00813039,0
20250331,650,0.010751871,0
20250331,750,0.01318339,0
20250331,850,0.016336765,0
20250331,950,0.0171726,0
20250331,1050,0.018806276,0
20250331,1150,0.024809088,0
20250331,1250,0.029976065,0
20250331,1350,0.032711523,0
20250331,1450,0.03879032,0
20250331,1550,0.043007485,0
20250331,1650,0.04631283,0
20250331,1750,0.050226055,0
20250331,1850,0.051631777,0
20250331,1950,0.053759356,0
20250331,2050,0.058014513,0
20250331,2150,0.059116295,0
20250331,2250,0.05843243,0
20250331,2350,0.058090498,0
20250331,2450,0.052467611,0
20250331,2550,0.051593784,0
20250331,2650,0.043463394,0
20250331,2750,0.036282816,0
20250331,2850,0.032863493,0
20250331,2950,0.025872877,0
20250331,3050,0.020781885,0
20250331,3150,0.016070818,0
20250331,3250,0.014437141,0
20250331,3350,0.009118195,0
20250331,3450,0.007788458,0
20250411,550,0.004198613,C
20250411,650,0.004928806,C
20250411,750,0.006267494,C
20250411,850,0.004746258,C
20250411,950,0.004381161,C
20250411,1050,0.004989656,C
20250411,1150,0.007362784,C
20250411,1250,0.013021784,C
20250411,1350,0.021662407,C
20250411,1450,0.039247901,C
20250411,1550,0.055433857,C
20250411,1650,0.077826457,C
20250411,1750,0.088353414,C
20250411,1850,0.098697822,C
20250411,1950,0.089144457,C
20250411,2050,0.084033102,C
20250411,2150,0.077826457,C
20250411,2250,0.067847146,C
20250411,2350,0.054399416,C
20250411,2450,0.046306438,C
20250411,2550,0.038943653,C
20250411,2650,0.028538396,C
20250411,2750,0.022696848,C
20250411,2850,0.01576001,C
20250411,2950,0.011439698,C
20250411,3050,0.009553365,C
20250411,3150,0.007545333,C
20250411,3250,0.006510892,C
20250411,3350,0.004198613,C
20250411,3450,0.004137763,C
20250411,550,0.003427039,D
20250411,650,0.004072713,D
20250411,750,0.004718387,D
20250411,850,0.00412238,D
20250411,950,0.004321049,D
20250411,1050,0.004917056,D
20250411,1150,0.007549419,D
20250411,1250,0.014850502,D
20250411,1350,0.028061985,D
20250411,1450,0.048276547,D
20250411,1550,0.069484454,D
20250411,1650,0.086470647,D
20250411,1750,0.099334459,D
20250411,1850,0.096404093,D
20250411,1950,0.09734777,D
20250411,2050,0.086520314,D
20250411,2150,0.072712824,D
20250411,2250,0.058011324,D
20250411,2350,0.048077878,D
20250411,2450,0.040776795,D
20250411,2550,0.028657991,D
20250411,2650,0.02294626,D
20250411,2750,0.018327208,D
20250411,2850,0.013509486,D
20250411,2950,0.009536108,D
20250411,3050,0.008393762,D
20250411,3150,0.006903745,D
20250411,3250,0.004718387,D
20250411,3350,0.004470051,D
20250411,3450,0.003079368,D
20250412,550,0.006333333,C
20250412,650,0.006277778,C
20250412,750,0.007277778,C
20250412,850,0.007166667,C
20250412,950,0.005611111,C
20250412,1050,0.007555556,C
20250412,1150,0.011777778,C
20250412,1250,0.023333333,C
20250412,1350,0.0435,C
20250412,1450,0.070166667,C
20250412,1550,0.089111111,C
20250412,1650,0.099944444,C
20250412,1750,0.097111111,C
20250412,1850,0.091722222,C
20250412,1950,0.082722222,C
20250412,2050,0.072277778,C
20250412,2150,0.061444444,C
20250412,2250,0.047388889,C
20250412,2350,0.036333333,C
20250412,2450,0.030555556,C
20250412,2550,0.023111111,C
20250412,2650,0.018777778,C
20250412,2750,0.015222222,C
20250412,2850,0.012777778,C
20250412,2950,0.009722222,C
20250412,3050,0.006277778,C
20250412,3150,0.006388889,C
20250412,3250,0.004444444,C
20250412,3350,0.003166667,C
20250412,3450,0.0025,C
20250412,550,0.006309694,D
20250412,650,0.006266477,D
20250412,750,0.007001167,D
20250412,850,0.005531786,D
20250412,950,0.008038377,D
20250412,1050,0.019663771,D
20250412,1150,0.044340723,D
20250412,1250,0.079562643,D
20250412,1350,0.107437659,D
20250412,1450,0.119624876,D
20250412,1550,0.115000648,D
20250412,1650,0.104801418,D
20250412,1750,0.09144734,D
20250412,1850,0.0698388,D
20250412,1950,0.051774061,D
20250412,2050,0.038203898,D
20250412,2150,0.029603699,D
20250412,2250,0.022602533,D
20250412,2350,0.017113963,D
20250412,2450,0.013051558,D
20250412,2550,0.008643416,D
20250412,2650,0.008081594,D
20250412,2750,0.005488569,D
20250412,2850,0.00458101,D
20250412,2950,0.003587018,D
20250412,3050,0.003327715,D
20250412,3150,0.002852327,D
20250412,3250,0.002593025,D
20250412,3350,0.002031203,D
20250412,3450,0.001599032,D
20250413,550,0.006168686,C
20250413,650,0.008187528,C
20250413,750,0.010935397,C
20250413,850,0.012225213,C
20250413,950,0.017384477,C
20250413,1050,0.023272768,C
20250413,1150,0.038974877,C
20250413,1250,0.060621355,C
20250413,1350,0.084791386,C
20250413,1450,0.105204127,C
20250413,1550,0.108064154,C
20250413,1650,0.105708838,C
20250413,1750,0.094493046,C
20250413,1850,0.078398385,C
20250413,1950,0.06196725,C
20250413,2050,0.050414984,C
20250413,2150,0.035105428,C
20250413,2250,0.027142216,C
20250413,2350,0.018954688,C
20250413,2450,0.014412293,C
20250413,2550,0.009757739,C
20250413,2650,0.007851054,C
20250413,2750,0.006168686,C
20250413,2850,0.004374159,C
20250413,2950,0.002860027,C
20250413,3050,0.002187079,C
20250413,3150,0.00162629,C
20250413,3250,0.001514132,C
20250413,3350,0.000841184,C
20250413,3450,0.000392553,C
20250413,550,0.007625127,D
20250413,650,0.00851177,D
20250413,750,0.010285056,D
20250413,850,0.01493993,D
20250413,950,0.018708162,D
20250413,1050,0.02863856,D
20250413,1150,0.047036397,D
20250413,1250,0.073901671,D
20250413,1350,0.096156404,D
20250413,1450,0.11703684,D
20250413,1550,0.115396551,D
20250413,1650,0.112913951,D
20250413,1750,0.091457197,D
20250413,1850,0.076605932,D
20250413,1950,0.060513366,D
20250413,2050,0.041007226,D
20250413,2150,0.0271756,D
20250413,2250,0.016713215,D
20250413,2350,0.010772709,D
20250413,2450,0.007580795,D
20250413,2550,0.004521878,D
20250413,2650,0.00332491,D
20250413,2750,0.002792925,D
20250413,2850,0.001640289,D
20250413,2950,0.001551625,D
20250413,3050,0.001152636,D
20250413,3150,0.000797978,D
20250413,3250,0.000709314,D
20250413,3350,0.000265993,D
20250413,3450,0.000265993,D
20250414,550,0.009512974,C
20250414,650,0.010619133,C
20250414,750,0.011788502,C
20250414,850,0.014917354,C
20250414,950,0.0159287,C
20250414,1050,0.018551879,C
20250414,1150,0.020258525,C
20250414,1250,0.025504883,C
20250414,1350,0.036534876,C
20250414,1450,0.050377675,C
20250414,1550,0.064315287,C
20250414,1650,0.078031668,C
20250414,1750,0.082171866,C
20250414,1850,0.08621725,C
20250414,1950,0.08871401,C
20250414,2050,0.082772352,C
20250414,2150,0.076641067,C
20250414,2250,0.061028413,C
20250414,2350,0.052842831,C
20250414,2450,0.039726937,C
20250414,2550,0.026294997,C
20250414,2650,0.017635347,C
20250414,2750,0.010903574,C
20250414,2850,0.0076167,C
20250414,2950,0.004140198,C
20250414,3050,0.002781202,C
20250414,3150,0.001864669,C
20250414,3250,0.001137764,C
20250414,3350,0.00075851,C
20250414,3450,0.000410859,C
20250414,550,0.007988833,D
20250414,650,0.010305298,D
20250414,750,0.011790211,D
20250414,850,0.01473034,D
20250414,950,0.016868615,D
20250414,1050,0.017789261,D
20250414,1150,0.020848182,D
20250414,1250,0.023818009,D
20250414,1350,0.02859943,D
20250414,1450,0.036914944,D
20250414,1550,0.045052269,D
20250414,1650,0.055090283,D
20250414,1750,0.065009503,D
20250414,1850,0.072018294,D
20250414,1950,0.078641007,D
20250414,2050,0.078047042,D
20250414,2150,0.083570919,D
20250414,2250,0.075463293,D
20250414,2350,0.066910192,D
20250414,2450,0.056040627,D
20250414,2550,0.044606795,D
20250414,2650,0.031925636,D
20250414,2750,0.022867665,D
20250414,2850,0.012948444,D
20250414,2950,0.009176764,D
20250414,3050,0.005583274,D
20250414,3150,0.003118318,D
20250414,3250,0.001989784,D
20250414,3350,0.00136612,D
20250414,3450,0.000920646,D
20250415,550,0.011394929,A
20250415,650,0.01600038,A
20250415,750,0.017709619,A
20250415,850,0.01808945,A
20250415,950,0.017994492,A
20250415,1050,0.016855,A
20250415,1150,0.016570126,A
20250415,1250,0.020036084,A
20250415,1350,0.024973887,A
20250415,1450,0.034232267,A
20250415,1550,0.043063337,A
20250415,1650,0.050897351,A
20250415,1750,0.060013294,A
20250415,1850,0.064571266,A
20250415,1950,0.067657392,A
20250415,2050,0.068227139,A
20250415,2150,0.067277561,A
20250415,2250,0.066043111,A
20250415,2350,0.056689773,A
20250415,2450,0.055170449,A
20250415,2550,0.044535182,A
20250415,2650,0.037698224,A
20250415,2750,0.0328079,A
20250415,2850,0.024973887,A
20250415,2950,0.02060583,A
20250415,3050,0.014338619,A
20250415,3150,0.011537366,A
20250415,3250,0.009590732,A
20250415,3350,0.005792422,A
20250415,3450,0.004652929,A
20250416,550,0.010561977,A
20250416,650,0.014149063,A
20250416,750,0.01879899,A
20250416,850,0.021190381,A
20250416,950,0.028430982,A
20250416,1050,0.032150923,A
20250416,1150,0.03680085,A
20250416,1250,0.040852929,A
20250416,1350,0.045967849,A
20250416,1450,0.048691378,A
20250416,1550,0.054138435,A
20250416,1650,0.04915637,A
20250416,1750,0.057127674,A
20250416,1850,0.060382623,A
20250416,1950,0.055267703,A
20250416,2050,0.05506842,A
20250416,2150,0.055732696,A
20250416,2250,0.048691378,A
20250416,2350,0.041251495,A
20250416,2450,0.040122227,A
20250416,2550,0.034675169,A
20250416,2650,0.031685931,A
20250416,2750,0.027301714,A
20250416,2850,0.023050352,A
20250416,2950,0.01773615,A
20250416,3050,0.015477614,A
20250416,3150,0.012421948,A
20250416,3250,0.009565564,A
20250416,3350,0.007506311,A
20250416,3450,0.006044905,A
20250417,550,0.00821407,A
20250417,650,0.009423503,A
20250417,750,0.014210845,A
20250417,850,0.020258012,A
20250417,950,0.023886313,A
20250417,1050,0.026809111,A
20250417,1150,0.03517436,A
20250417,1250,0.038802661,A
20250417,1350,0.042481355,A
20250417,1450,0.049284418,A
20250417,1550,0.051854465,A
20250417,1650,0.055079621,A
20250417,1750,0.056238662,A
20250417,1850,0.055936303,A
20250417,1950,0.055331586,A
20250417,2050,0.055079621,A
20250417,2150,0.054374118,A
20250417,2250,0.05145132,A
20250417,2350,0.04716791,A
20250417,2450,0.046109655,A
20250417,2550,0.038248337,A
20250417,2650,0.031697238,A
20250417,2750,0.029731909,A
20250417,2850,0.024037492,A
20250417,2950,0.020258012,A
20250417,3050,0.018343076,A
20250417,3150,0.014563596,A
20250417,3250,0.010935295,A
20250417,3350,0.008516428,A
20250417,3450,0.006500706,A
20250418,550,0.004887454,A
20250418,650,0.007981347,A
20250418,750,0.011792664,A
20250418,850,0.018025289,A
20250418,950,0.022823065,A
20250418,1050,0.029235046,A
20250418,1150,0.02905569,A
20250418,1250,0.034346695,A
20250418,1350,0.044614833,A
20250418,1450,0.047753565,A
20250418,1550,0.051026814,A
20250418,1650,0.051968433,A
20250418,1750,0.06044301,A
20250418,1850,0.062012376,A
20250418,1950,0.063402385,A
20250418,2050,0.061160434,A
20250418,2150,0.059994619,A
20250418,2250,0.055107165,A
20250418,2350,0.049681643,A
20250418,2450,0.043090306,A
20250418,2550,0.038965115,A
20250418,2650,0.031880549,A
20250418,2750,0.028248588,A
20250418,2850,0.022733387,A
20250418,2950,0.016455923,A
20250418,3050,0.014572684,A
20250418,3150,0.012510089,A
20250418,3250,0.010043942,A
20250418,3350,0.009012645,A
20250418,3450,0.007174244,A
20250419,550,0.004169976,A
20250419,650,0.008737093,A
20250419,750,0.013105639,A
20250419,850,0.018347895,A
20250419,950,0.022637014,A
20250419,1050,0.029467832,A
20250419,1150,0.033320095,A
20250419,1250,0.038204925,A
20250419,1350,0.046584591,A
20250419,1450,0.049880858,A
20250419,1550,0.055003971,A
20250419,1650,0.058498809,A
20250419,1750,0.06096108,A
20250419,1850,0.064058777,A
20250419,1950,0.066957903,A
20250419,2050,0.065647339,A
20250419,2150,0.064694202,A
20250419,2250,0.053256553,A
20250419,2350,0.047140588,A
20250419,2450,0.042732327,A
20250419,2550,0.033677522,A
20250419,2650,0.027640985,A
20250419,2750,0.022478157,A
20250419,2850,0.017871326,A
20250419,2950,0.015011914,A
20250419,3050,0.010722796,A
20250419,3150,0.010166799,A
20250419,3250,0.007148531,A
20250419,3350,0.006115965,A
20250419,3450,0.005758539,A
20250420,550,0.005451067,A
20250420,650,0.00812245,A
20250420,750,0.013717916,A
20250420,850,0.020143677,A
20250420,950,0.026352839,A
20250420,1050,0.030829212,A
20250420,1150,0.035269485,A
20250420,1250,0.038085268,A
20250420,1350,0.043247536,A
20250420,1450,0.045016425,A
20250420,1550,0.046857514,A
20250420,1650,0.050647991,A
20250420,1750,0.05732645,A
20250420,1850,0.062416519,A
20250420,1950,0.06230822,A
20250420,2050,0.064835205,A
20250420,2150,0.063463413,A
20250420,2250,0.061369626,A
20250420,2350,0.056026858,A
20250420,2450,0.048554204,A
20250420,2550,0.039818057,A
20250420,2650,0.035594383,A
20250420,2750,0.023067759,A
20250420,2850,0.0163893,A
20250420,2950,0.013645717,A
20250420,3050,0.009458142,A
20250420,3150,0.007364355,A
20250420,3250,0.005992563,A
20250420,3350,0.004729071,A
20250420,3450,0.003898776,A
20250421,550,0.003242846,A
20250421,650,0.005382455,A
20250421,750,0.008090399,A
20250421,850,0.012770794,A
20250421,950,0.01721717,A
20250421,1050,0.019991976,A
20250421,1150,0.025073549,A
20250421,1250,0.028583846,A
20250421,1350,0.032194437,A
20250421,1450,0.036039048,A
20250421,1550,0.043293661,A
20250421,1650,0.044396898,A
20250421,1750,0.049979941,A
20250421,1850,0.05593073,A
20250421,1950,0.057903183,A
20250421,2050,0.064154854,A
20250421,2150,0.067263974,A
20250421,2250,0.07050682,A
20250421,2350,0.065659267,A
20250421,2450,0.060611126,A
20250421,2550,0.052955336,A
20250421,2650,0.04613533,A
20250421,2750,0.034935812,A
20250421,2850,0.028149238,A
20250421,2950,0.019757957,A
20250421,3050,0.015512169,A
20250421,3150,0.012536775,A
20250421,3250,0.008491575,A
20250421,3350,0.007120888,A
20250421,3450,0.006117946,A
20250422,550,0.001397667,total
20250422,650,0.002187652,total
20250422,750,0.003099174,total
20250422,850,0.004739912,total
20250422,950,0.008446767,total
20250422,1050,0.011424404,total
20250422,1150,0.026434127,total
20250422,1250,0.046366067,total
20250422,1350,0.071827905,total
20250422,1450,0.097897423,total
20250422,1550,0.103366553,total
20250422,1650,0.10506806,total
20250422,1750,0.099052018,total
20250422,1850,0.090058337,total
20250422,1950,0.074137093,total
20250422,2050,0.056757414,total
20250422,2150,0.04788527,total
20250422,2250,0.036764706,total
20250422,2350,0.02698104,total
20250422,2450,0.018291201,total
20250422,2550,0.01671123,total
20250422,2650,0.013855129,total
20250422,2750,0.008385999,total
20250422,2850,0.007839086,total
20250422,2950,0.006259115,total
20250422,3050,0.004071463,total
20250422,3150,0.003889159,total
20250422,3250,0.00352455,total
20250422,3350,0.001579971,total
20250422,3450,0.001701507,total
20250423,550,0.004410838,5PM_#1
20250423,650,0.009451796,5PM_#1
20250423,750,0.016663166,5PM_#1
20250423,850,0.023664496,5PM_#1
20250423,950,0.027235175,5PM_#1
20250423,1050,0.039277463,5PM_#1
20250423,1150,0.063572079,5PM_#1
20250423,1250,0.084856123,5PM_#1
20250423,1350,0.109010712,5PM_#1
20250423,1450,0.111951271,5PM_#1
20250423,1550,0.110551005,5PM_#1
20250423,1650,0.095988238,5PM_#1
20250423,1750,0.080725338,5PM_#1
20250423,1850,0.063292025,5PM_#1
20250423,1950,0.049009312,5PM_#1
20250423,2050,0.033676399,5PM_#1
20250423,2150,0.021774137,5PM_#1
20250423,2250,0.01505286,5PM_#1
20250423,2350,0.010011902,5PM_#1
20250423,2450,0.006861304,5PM_#1
20250423,2550,0.005741091,5PM_#1
20250423,2650,0.004270811,5PM_#1
20250423,2750,0.003360639,5PM_#1
20250423,2850,0.002590492,5PM_#1
20250423,2950,0.002730519,5PM_#1
20250423,3050,0.001610306,5PM_#1
20250423,3150,0.000980186,5PM_#1
20250423,3250,0.00084016,5PM_#1
20250423,3350,0.000350067,5PM_#1
20250423,3450,0.000490093,5PM_#1
20250423,550,0.003012237,5PM_#3
20250423,650,0.00545968,5PM_#3
20250423,750,0.010605585,5PM_#3
20250423,850,0.014370882,5PM_#3
20250423,950,0.020269846,5PM_#3
20250423,1050,0.036711641,5PM_#3
20250423,1150,0.066143709,5PM_#3
20250423,1250,0.095073737,5PM_#3
20250423,1350,0.10844054,5PM_#3
20250423,1450,0.116284907,5PM_#3
20250423,1550,0.114339504,5PM_#3
20250423,1650,0.100156887,5PM_#3
20250423,1750,0.083338563,5PM_#3
20250423,1850,0.067838092,5PM_#3
20250423,1950,0.042422341,5PM_#3
20250423,2050,0.034201443,5PM_#3
20250423,2150,0.020520866,5PM_#3
20250423,2250,0.015688735,5PM_#3
20250423,2350,0.01054283,5PM_#3
20250423,2450,0.006652024,5PM_#3
20250423,2550,0.00558519,5PM_#3
20250423,2650,0.005145905,5PM_#3
20250423,2750,0.003012237,5PM_#3
20250423,2850,0.003012237,5PM_#3
20250423,2950,0.002635708,5PM_#3
20250423,3050,0.002259178,5PM_#3
20250423,3150,0.001694383,5PM_#3
20250423,3250,0.001694383,5PM_#3
20250423,3350,0.001568874,5PM_#3
20250423,3450,0.001317854,5PM_#3
20250423,550,0.004178107,5PM_#4
20250423,650,0.006804345,5PM_#4
20250423,750,0.014205563,5PM_#4
20250423,850,0.018503044,5PM_#4
20250423,950,0.027038319,5PM_#4
20250423,1050,0.042258565,5PM_#4
20250423,1150,0.064163782,5PM_#4
20250423,1250,0.089590546,5PM_#4
20250423,1350,0.110122956,5PM_#4
20250423,1450,0.116390116,5PM_#4
20250423,1550,0.108809836,5PM_#4
20250423,1650,0.090306792,5PM_#4
20250423,1750,0.077533723,5PM_#4
20250423,1850,0.060821296,5PM_#4
20250423,1950,0.046018861,5PM_#4
20250423,2050,0.029843619,5PM_#4
20250423,2150,0.023636147,5PM_#4
20250423,2250,0.016354303,5PM_#4
20250423,2350,0.012235884,5PM_#4
20250423,2450,0.008057777,5PM_#4
20250423,2550,0.007281843,5PM_#4
20250423,2650,0.005013728,5PM_#4
20250423,2750,0.003521547,5PM_#4
20250423,2850,0.003521547,5PM_#4
20250423,2950,0.002566551,5PM_#4
20250423,3050,0.003282798,5PM_#4
20250423,3150,0.002626239,5PM_#4
20250423,3250,0.001969679,5PM_#4
20250423,3350,0.001611555,5PM_#4
20250423,3450,0.00173093,5PM_#4
20250424,550,0.005808235,5PM_#1
20250424,650,0.010164411,5PM_#1
20250424,750,0.015223195,5PM_#1
20250424,850,0.020750386,5PM_#1
20250424,950,0.028432245,5PM_#1
20250424,1050,0.041781816,5PM_#1
20250424,1150,0.058738114,5PM_#1
20250424,1250,0.089652911,5PM_#1
20250424,1350,0.108482833,5PM_#1
20250424,1450,0.119771418,5PM_#1
20250424,1550,0.117101504,5PM_#1
20250424,1650,0.101690946,5PM_#1
20250424,1750,0.081971053,5PM_#1
20250424,1850,0.065530001,5PM_#1
20250424,1950,0.046465877,5PM_#1
20250424,2050,0.032273174,5PM_#1
20250424,2150,0.020469343,5PM_#1
20250424,2250,0.013817977,5PM_#1
20250424,2350,0.008103424,5PM_#1
20250424,2450,0.00388777,5PM_#1
20250424,2550,0.003044639,5PM_#1
20250424,2650,0.001826783,5PM_#1
20250424,2750,0.001498899,5PM_#1
20250424,2850,0.000936812,5PM_#1
20250424,2950,0.00074945,5PM_#1
20250424,3050,0.000562087,5PM_#1
20250424,3150,0.000655768,5PM_#1
20250424,3250,0.000374725,5PM_#1
20250424,3350,0.000140522,5PM_#1
20250424,3450,9.37E-05,5PM_#1
20250424,550,0.011198352,5PM_#3
20250424,650,0.019693654,5PM_#3
20250424,750,0.031878835,5PM_#3
20250424,850,0.043935298,5PM_#3
20250424,950,0.054318445,5PM_#3
20250424,1050,0.068176943,5PM_#3
20250424,1150,0.081906723,5PM_#3
20250424,1250,0.089758442,5PM_#3
20250424,1350,0.100356116,5PM_#3
20250424,1450,0.096365899,5PM_#3
20250424,1550,0.090573647,5PM_#3
20250424,1650,0.074956022,5PM_#3
20250424,1750,0.064100914,5PM_#3
20250424,1850,0.05204445,5PM_#3
20250424,1950,0.034710602,5PM_#3
20250424,2050,0.024541983,5PM_#3
20250424,2150,0.017634187,5PM_#3
20250424,2250,0.013043292,5PM_#3
20250424,2350,0.009567941,5PM_#3
20250424,2450,0.00647874,5PM_#3
20250424,2550,0.004247651,5PM_#3
20250424,2650,0.002831767,5PM_#3
20250424,2750,0.002660145,5PM_#3
20250424,2850,0.001673317,5PM_#3
20250424,2950,0.00115845,5PM_#3
20250424,3050,0.000858111,5PM_#3
20250424,3150,0.000557772,5PM_#3
20250424,3250,0.000429056,5PM_#3
20250424,3350,0.000214528,5PM_#3
20250424,3450,0.000128717,5PM_#3
20250424,550,0.010642738,5PM_#4
20250424,650,0.01769616,5PM_#4
20250424,750,0.03230384,5PM_#4
20250424,850,0.042278798,5PM_#4
20250424,950,0.049833055,5PM_#4
20250424,1050,0.065859766,5PM_#4
20250424,1150,0.07654424,5PM_#4
20250424,1250,0.094115192,5PM_#4
20250424,1350,0.098622705,5PM_#4
20250424,1450,0.095784641,5PM_#4
20250424,1550,0.089774624,5PM_#4
20250424,1650,0.078005008,5PM_#4
20250424,1750,0.066652755,5PM_#4
20250424,1850,0.053005008,5PM_#4
20250424,1950,0.040692821,5PM_#4
20250424,2050,0.029674457,5PM_#4
20250424,2150,0.01869783,5PM_#4
20250424,2250,0.012562604,5PM_#4
20250424,2350,0.007888147,5PM_#4
20250424,2450,0.006260434,5PM_#4
20250424,2550,0.004215359,5PM_#4
20250424,2650,0.002295492,5PM_#4
20250424,2750,0.002045075,5PM_#4
20250424,2850,0.001377295,5PM_#4
20250424,2950,0.001126878,5PM_#4
20250424,3050,0.000751252,5PM_#4
20250424,3150,0.000584307,5PM_#4
20250424,3250,0.00033389,5PM_#4
20250424,3350,0.000250417,5PM_#4
20250424,3450,0.000125209,5PM_#4
20250425,550,0.005773595,5PM_#1
20250425,650,0.007675878,5PM_#1
20250425,750,0.009344547,5PM_#1
20250425,850,0.011947671,5PM_#1
20250425,950,0.016519824,5PM_#1
20250425,1050,0.021859565,5PM_#1
20250425,1150,0.038312642,5PM_#1
20250425,1250,0.064777733,5PM_#1
20250425,1350,0.086670671,5PM_#1
20250425,1450,0.109030837,5PM_#1
20250425,1550,0.115305033,5PM_#1
20250425,1650,0.107662528,5PM_#1
20250425,1750,0.101087972,5PM_#1
20250425,1850,0.091209451,5PM_#1
20250425,1950,0.070351088,5PM_#1
20250425,2050,0.052329462,5PM_#1
20250425,2150,0.036844213,5PM_#1
20250425,2250,0.022727273,5PM_#1
20250425,2350,0.013482846,5PM_#1
20250425,2450,0.007242024,5PM_#1
20250425,2550,0.004672273,5PM_#1
20250425,2650,0.001768789,5PM_#1
20250425,2750,0.001034575,5PM_#1
20250425,2850,0.000800961,5PM_#1
20250425,2950,0.000567347,5PM_#1
20250425,3050,0.00020024,5PM_#1
20250425,3150,0.000467227,5PM_#1
20250425,3250,0.000166867,5PM_#1
20250425,3350,6.67E-05,5PM_#1
20250425,3450,0.00010012,5PM_#1
20250425,550,0.005793055,5PM_#3
20250425,650,0.0084104,5PM_#3
20250425,750,0.012667946,5PM_#3
20250425,850,0.016192637,5PM_#3
20250425,950,0.018286512,5PM_#3
20250425,1050,0.021392427,5PM_#3
20250425,1150,0.030291398,5PM_#3
20250425,1250,0.04100506,5PM_#3
20250425,1350,0.058000349,5PM_#3
20250425,1450,0.068504624,5PM_#3
20250425,1550,0.076217065,5PM_#3
20250425,1650,0.083755017,5PM_#3
20250425,1750,0.085744198,5PM_#3
20250425,1850,0.087349503,5PM_#3
20250425,1950,0.084836852,5PM_#3
20250425,2050,0.071889723,5PM_#3
20250425,2150,0.058768103,5PM_#3
20250425,2250,0.048089339,5PM_#3
20250425,2350,0.036189147,5PM_#3
20250425,2450,0.027988135,5PM_#3
20250425,2550,0.01933345,5PM_#3
20250425,2650,0.013331007,5PM_#3
20250425,2750,0.008689583,5PM_#3
20250425,2850,0.006770197,5PM_#3
20250425,2950,0.003978363,5PM_#3
20250425,3050,0.00268714,5PM_#3
20250425,3150,0.001779794,5PM_#3
20250425,3250,0.001116734,5PM_#3
20250425,3350,0.000453673,5PM_#3
20250425,3450,0.000488571,5PM_#3
20250425,550,0.00596284,5PM_#4
20250425,650,0.010456575,5PM_#4
20250425,750,0.01437419,5PM_#4
20250425,850,0.019155984,5PM_#4
20250425,950,0.021172404,5PM_#4
20250425,1050,0.024917183,5PM_#4
20250425,1150,0.034336742,5PM_#4
20250425,1250,0.045254213,5PM_#4
20250425,1350,0.060002881,5PM_#4
20250425,1450,0.071410053,5PM_#4
20250425,1550,0.084545585,5PM_#4
20250425,1650,0.087080513,5PM_#4
20250425,1750,0.089788276,5PM_#4
20250425,1850,0.084055884,5PM_#4
20250425,1950,0.0759614,5PM_#4
20250425,2050,0.065648855,5PM_#4
20250425,2150,0.05504825,5PM_#4
20250425,2250,0.044130779,5PM_#4
20250425,2350,0.034826444,5PM_#4
20250425,2450,0.024801959,5PM_#4
20250425,2550,0.016966729,5PM_#4
20250425,2650,0.011666427,5PM_#4
20250425,2750,0.00711508,5PM_#4
20250425,2850,0.004695377,5PM_#4
20250425,2950,0.002448509,5PM_#4
20250425,3050,0.001785971,5PM_#4
20250425,3150,0.000921792,5PM_#4
20250425,3250,0.000604926,5PM_#4
20250425,3350,0.000460896,5PM_#4
20250425,3450,0.000403284,5PM_#4
20250426,550,0.010759724,5PM_#1
20250426,650,0.013231552,5PM_#1
20250426,750,0.016648491,5PM_#1
20250426,850,0.020610687,5PM_#1
20250426,950,0.023918575,5PM_#1
20250426,1050,0.03220647,5PM_#1
20250426,1150,0.042748092,5PM_#1
20250426,1250,0.050272628,5PM_#1
20250426,1350,0.064776445,5PM_#1
20250426,1450,0.080916031,5PM_#1
20250426,1550,0.089967285,5PM_#1
20250426,1650,0.092511814,5PM_#1
20250426,1750,0.093166121,5PM_#1
20250426,1850,0.087168302,5PM_#1
20250426,1950,0.077935296,5PM_#1
20250426,2050,0.062086514,5PM_#1
20250426,2150,0.048564158,5PM_#1
20250426,2250,0.035696111,5PM_#1
20250426,2350,0.023082515,5PM_#1
20250426,2450,0.013486005,5PM_#1
20250426,2550,0.008287895,5PM_#1
20250426,2650,0.004616503,5PM_#1
20250426,2750,0.003017085,5PM_#1
20250426,2850,0.001417666,5PM_#1
20250426,2950,0.001017812,5PM_#1
20250426,3050,0.000690658,5PM_#1
20250426,3150,0.000399855,5PM_#1
20250426,3250,0.000254453,5PM_#1
20250426,3350,0.000363504,5PM_#1
20250426,3450,0.000181752,5PM_#1
20250426,550,0.005649024,5PM_#3
20250426,650,0.010397478,5PM_#3
20250426,750,0.01322199,5PM_#3
20250426,850,0.01760203,5PM_#3
20250426,950,0.022023005,5PM_#3
20250426,1050,0.025256867,5PM_#3
20250426,1150,0.030578411,5PM_#3
20250426,1250,0.033034508,5PM_#3
20250426,1350,0.043841336,5PM_#3
20250426,1450,0.053338246,5PM_#3
20250426,1550,0.061934586,5PM_#3
20250426,1650,0.076916779,5PM_#3
20250426,1750,0.081460559,5PM_#3
20250426,1850,0.082238323,5PM_#3
20250426,1950,0.077039584,5PM_#3
20250426,2050,0.073641983,5PM_#3
20250426,2150,0.063817594,5PM_#3
20250426,2250,0.053092636,5PM_#3
20250426,2350,0.043145442,5PM_#3
20250426,2450,0.034917516,5PM_#3
20250426,2550,0.02685333,5PM_#3
20250426,2650,0.020099063,5PM_#3
20250426,2750,0.014531909,5PM_#3
20250426,2850,0.011502722,5PM_#3
20250426,2950,0.007204552,5PM_#3
20250426,3050,0.006385853,5PM_#3
20250426,3150,0.00454378,5PM_#3
20250426,3250,0.002087683,5PM_#3
20250426,3350,0.002128618,5PM_#3
20250426,3450,0.001514593,5PM_#3
20250426,550,0.004751346,5PM_#4
20250426,650,0.006810263,5PM_#4
20250426,750,0.009766656,5PM_#4
20250426,850,0.012511878,5PM_#4
20250426,950,0.016101784,5PM_#4
20250426,1050,0.019902861,5PM_#4
20250426,1150,0.020905923,5PM_#4
20250426,1250,0.025498891,5PM_#4
20250426,1350,0.03241474,5PM_#4
20250426,1450,0.040228065,5PM_#4
20250426,1550,0.050522648,5PM_#4
20250426,1650,0.066413262,5PM_#4
20250426,1750,0.077341358,5PM_#4
20250426,1850,0.074226586,5PM_#4
20250426,1950,0.079769824,5PM_#4
20250426,2050,0.080456129,5PM_#4
20250426,2150,0.071956499,5PM_#4
20250426,2250,0.065093443,5PM_#4
20250426,2350,0.054957238,5PM_#4
20250426,2450,0.047249498,5PM_#4
20250426,2550,0.038802661,5PM_#4
20250426,2650,0.030619787,5PM_#4
20250426,2750,0.022067364,5PM_#4
20250426,2850,0.015257101,5PM_#4
20250426,2950,0.011825573,5PM_#4
20250426,3050,0.009344314,5PM_#4
20250426,3150,0.006123957,5PM_#4
20250426,3250,0.004276212,5PM_#4
20250426,3350,0.003009186,5PM_#4
20250426,3450,0.001794953,5PM_#4
20250427,550,0.003903768,5PM_#1
20250427,650,0.004811621,5PM_#1
20250427,750,0.006627326,5PM_#1
20250427,850,0.008170676,5PM_#1
20250427,950,0.009623241,5PM_#1
20250427,1050,0.013345438,5PM_#1
20250427,1150,0.016749887,5PM_#1
20250427,1250,0.020880617,5PM_#1
20250427,1350,0.023740354,5PM_#1
20250427,1450,0.030776214,5PM_#1
20250427,1550,0.037176577,5PM_#1
20250427,1650,0.046935996,5PM_#1
20250427,1750,0.05197458,5PM_#1
20250427,1850,0.064049024,5PM_#1
20250427,1950,0.07135724,5PM_#1
20250427,2050,0.080299591,5PM_#1
20250427,2150,0.082342261,5PM_#1
20250427,2250,0.083340899,5PM_#1
20250427,2350,0.074126192,5PM_#1
20250427,2450,0.067317295,5PM_#1
20250427,2550,0.056967771,5PM_#1
20250427,2650,0.047389923,5PM_#1
20250427,2750,0.033681344,5PM_#1
20250427,2850,0.023649569,5PM_#1
20250427,2950,0.016205175,5PM_#1
20250427,3050,0.009577848,5PM_#1
20250427,3150,0.006718112,5PM_#1
20250427,3250,0.003994553,5PM_#1
20250427,3350,0.002496596,5PM_#1
20250427,3450,0.001770313,5PM_#1
20250427,550,0.005806477,5PM_#3
20250427,650,0.007014536,5PM_#3
20250427,750,0.008495382,5PM_#3
20250427,850,0.011885741,5PM_#3
20250427,950,0.014301859,5PM_#3
20250427,1050,0.017068703,5PM_#3
20250427,1150,0.020887728,5PM_#3
20250427,1250,0.024940571,5PM_#3
20250427,1350,0.027746386,5PM_#3
20250427,1450,0.032929348,5PM_#3
20250427,1550,0.036787343,5PM_#3
20250427,1650,0.044191575,5PM_#3
20250427,1750,0.049491446,5PM_#3
20250427,1850,0.059818401,5PM_#3
20250427,1950,0.065469,5PM_#3
20250427,2050,0.069560812,5PM_#3
20250427,2150,0.072288687,5PM_#3
20250427,2250,0.070067417,5PM_#3
20250427,2350,0.065819726,5PM_#3
20250427,2450,0.054635439,5PM_#3
20250427,2550,0.04910175,5PM_#3
20250427,2650,0.040567398,5PM_#3
20250427,2750,0.03378668,5PM_#3
20250427,2850,0.028252991,5PM_#3
20250427,2950,0.023031059,5PM_#3
20250427,3050,0.020653911,5PM_#3
20250427,3150,0.015431978,5PM_#3
20250427,3250,0.011573984,5PM_#3
20250427,3350,0.009586532,5PM_#3
20250427,3450,0.008807139,5PM_#3
20250427,550,0.004471924,5PM_#4
20250427,650,0.004744128,5PM_#4
20250427,750,0.007543942,5PM_#4
20250427,850,0.008982734,5PM_#4
20250427,950,0.01186032,5PM_#4
20250427,1050,0.013687976,5PM_#4
20250427,1150,0.016448903,5PM_#4
20250427,1250,0.01889874,5PM_#4
20250427,1350,0.023448437,5PM_#4
20250427,1450,0.029242495,5PM_#4
20250427,1550,0.032936693,5PM_#4
20250427,1650,0.041958314,5PM_#4
20250427,1750,0.051329911,5PM_#4
20250427,1850,0.059262716,5PM_#4
20250427,1950,0.061712552,5PM_#4
20250427,2050,0.065484523,5PM_#4
20250427,2150,0.066456681,5PM_#4
20250427,2250,0.061245917,5PM_#4
20250427,2350,0.059690465,5PM_#4
20250427,2450,0.052652045,5PM_#4
20250427,2550,0.051563229,5PM_#4
20250427,2650,0.044369264,5PM_#4
20250427,2750,0.043241562,5PM_#4
20250427,2850,0.037253072,5PM_#4
20250427,2950,0.035230985,5PM_#4
20250427,3050,0.026637113,5PM_#4
20250427,3150,0.024537253,5PM_#4
20250427,3250,0.018820967,5PM_#4
20250427,3350,0.014582361,5PM_#4
20250427,3450,0.011704775,5PM_#4
20250428,550,0.00482616,9AM_#1
20250428,650,0.006500542,9AM_#1
20250428,750,0.007189993,9AM_#1
20250428,850,0.009455333,9AM_#1
20250428,950,0.009947799,9AM_#1
20250428,1050,0.015512656,9AM_#1
20250428,1150,0.01546341,9AM_#1
20250428,1250,0.017531764,9AM_#1
20250428,1350,0.021569979,9AM_#1
20250428,1450,0.024475524,9AM_#1
20250428,1550,0.026790111,9AM_#1
20250428,1650,0.031419285,9AM_#1
20250428,1750,0.035802226,9AM_#1
20250428,1850,0.038461538,9AM_#1
20250428,1950,0.045750025,9AM_#1
20250428,2050,0.05220132,9AM_#1
20250428,2150,0.056535014,9AM_#1
20250428,2250,0.060819462,9AM_#1
20250428,2350,0.069683837,9AM_#1
20250428,2450,0.069733084,9AM_#1
20250428,2550,0.070767261,9AM_#1
20250428,2650,0.06766473,9AM_#1
20250428,2750,0.061607407,9AM_#1
20250428,2850,0.054959125,9AM_#1
20250428,2950,0.045011327,9AM_#1
20250428,3050,0.030877573,9AM_#1
20250428,3150,0.0212745,9AM_#1
20250428,3250,0.014429233,9AM_#1
20250428,3350,0.007928691,9AM_#1
20250428,3450,0.00581109,9AM_#1
20250428,550,0.006737497,9AM_#3
20250428,650,0.008995669,9AM_#3
20250428,750,0.011920187,9AM_#3
20250428,850,0.014844704,9AM_#3
20250428,950,0.017065857,9AM_#3
20250428,1050,0.017510088,9AM_#3
20250428,1150,0.020286529,9AM_#3
20250428,1250,0.022026432,9AM_#3
20250428,1350,0.026505756,9AM_#3
20250428,1450,0.031170177,9AM_#3
20250428,1550,0.036426906,9AM_#3
20250428,1650,0.043682671,9AM_#3
20250428,1750,0.049753822,9AM_#3
20250428,1850,0.058638433,9AM_#3
20250428,1950,0.064783623,9AM_#3
20250428,2050,0.068633621,9AM_#3
20250428,2150,0.0724466,9AM_#3
20250428,2250,0.065412949,9AM_#3
20250428,2350,0.060859586,9AM_#3
20250428,2450,0.053011513,9AM_#3
20250428,2550,0.047717766,9AM_#3
20250428,2650,0.040091808,9AM_#3
20250428,2750,0.034724022,9AM_#3
20250428,2850,0.029430274,9AM_#3
20250428,2950,0.024580757,9AM_#3
20250428,3050,0.020952875,9AM_#3
20250428,3150,0.017584126,9AM_#3
20250428,3250,0.014363455,9AM_#3
20250428,3350,0.011142783,9AM_#3
20250428,3450,0.008699515,9AM_#3
20250428,550,0.006384164,9AM_#4
20250428,650,0.00998329,9AM_#4
20250428,750,0.012382707,9AM_#4
20250428,850,0.01812417,9AM_#4
20250428,950,0.021894683,9AM_#4
20250428,1050,0.021680449,9AM_#4
20250428,1150,0.022880158,9AM_#4
20250428,1250,0.021251982,9AM_#4
20250428,1350,0.022023223,9AM_#4
20250428,1450,0.020694974,9AM_#4
20250428,1550,0.025793736,9AM_#4
20250428,1650,0.029350015,9AM_#4
20250428,1750,0.03256352,9AM_#4
20250428,1850,0.036291186,9AM_#4
20250428,1950,0.041304255,9AM_#4
20250428,2050,0.04648871,9AM_#4
20250428,2150,0.051416085,9AM_#4
20250428,2250,0.05437251,9AM_#4
20250428,2350,0.053944042,9AM_#4
20250428,2450,0.053644115,9AM_#4
20250428,2550,0.054201123,9AM_#4
20250428,2650,0.05068769,9AM_#4
20250428,2750,0.049402288,9AM_#4
20250428,2850,0.047474185,9AM_#4
20250428,2950,0.043832212,9AM_#4
20250428,3050,0.037319508,9AM_#4
20250428,3150,0.036419727,9AM_#4
20250428,3250,0.030549724,9AM_#4
20250428,3350,0.026822058,9AM_#4
20250428,3450,0.020823514,9AM_#4
